rootsid,Outflows,Inflows,NetflowRatio,year,Period,name
105,1,1,0.0,1670,1670 - 1679,Arkansas
106,1,63,0.97,1670,1670 - 1679,California
107,16,18,0.06,1670,1670 - 1679,Colorado
109,730,935,0.12,1670,1670 - 1679,Connecticut
110,42,72,0.26,1670,1670 - 1679,Delaware
113,3,7,0.4,1670,1670 - 1679,Georgia
116,0,1,1.0,1670,1670 - 1679,Idaho
117,0,3,1.0,1670,1670 - 1679,Illinois
118,15,24,0.23,1670,1670 - 1679,Indiana
119,2,3,0.2,1670,1670 - 1679,Iowa
121,10,9,-0.05,1670,1670 - 1679,Kentucky
122,2,104,0.96,1670,1670 - 1679,Louisiana
123,130,145,0.05,1670,1670 - 1679,Maine
124,119,248,0.35,1670,1670 - 1679,Maryland
125,1164,1592,0.16,1670,1670 - 1679,Massachusetts
126,0,4,1.0,1670,1670 - 1679,Michigan
127,1,0,-1.0,1670,1670 - 1679,Minnesota
128,19,22,0.07,1670,1670 - 1679,Mississippi
129,2,3,0.2,1670,1670 - 1679,Missouri
131,0,17,1.0,1670,1670 - 1679,Nebraska
133,160,188,0.08,1670,1670 - 1679,New Hampshire
134,260,400,0.21,1670,1670 - 1679,New Jersey
135,4,16,0.6,1670,1670 - 1679,New Mexico
136,322,511,0.23,1670,1670 - 1679,New York
137,63,97,0.21,1670,1670 - 1679,North Carolina
138,5,6,0.09,1670,1670 - 1679,North Dakota
139,4,4,0.0,1670,1670 - 1679,Ohio
141,6,9,0.2,1670,1670 - 1679,Oregon
142,55,184,0.54,1670,1670 - 1679,Pennsylvania
143,1,3,0.5,1670,1670 - 1679,null
144,315,370,0.08,1670,1670 - 1679,Rhode Island
145,7,27,0.59,1670,1670 - 1679,South Carolina
147,0,1,1.0,1670,1670 - 1679,Tennessee
148,1,3,0.5,1670,1670 - 1679,Texas
149,0,1,1.0,1670,1670 - 1679,null
151,2,3,0.2,1670,1670 - 1679,Vermont
152,219,421,0.32,1670,1670 - 1679,Virginia
153,20,18,-0.05,1670,1670 - 1679,Washington
154,2,6,0.5,1670,1670 - 1679,West Virginia
101,1,4,0.6,1690,1690 - 1699,Alabama
102,2,2,0.0,1690,1690 - 1699,null
105,1,2,0.33,1690,1690 - 1699,Arkansas
106,8,43,0.69,1690,1690 - 1699,California
107,10,12,0.09,1690,1690 - 1699,Colorado
109,617,853,0.16,1690,1690 - 1699,Connecticut
110,116,167,0.18,1690,1690 - 1699,Delaware
113,3,11,0.57,1690,1690 - 1699,Georgia
116,1,0,-1.0,1690,1690 - 1699,Idaho
117,1,1,0.0,1690,1690 - 1699,Illinois
118,10,16,0.23,1690,1690 - 1699,Indiana
119,0,2,1.0,1690,1690 - 1699,Iowa
121,12,9,-0.14,1690,1690 - 1699,Kentucky
122,2,100,0.96,1690,1690 - 1699,Louisiana
123,122,129,0.03,1690,1690 - 1699,Maine
124,125,181,0.18,1690,1690 - 1699,Maryland
125,1151,1283,0.05,1690,1690 - 1699,Massachusetts
126,4,7,0.27,1690,1690 - 1699,Michigan
127,0,1,1.0,1690,1690 - 1699,Minnesota
128,12,13,0.04,1690,1690 - 1699,Mississippi
129,2,5,0.43,1690,1690 - 1699,Missouri
130,3,8,0.45,1690,1690 - 1699,Montana
131,1,18,0.89,1690,1690 - 1699,Nebraska
133,156,162,0.02,1690,1690 - 1699,New Hampshire
134,317,540,0.26,1690,1690 - 1699,New Jersey
135,4,40,0.82,1690,1690 - 1699,New Mexico
136,401,419,0.02,1690,1690 - 1699,New York
137,134,161,0.09,1690,1690 - 1699,North Carolina
138,7,6,-0.08,1690,1690 - 1699,North Dakota
139,2,2,0.0,1690,1690 - 1699,Ohio
140,2,3,0.2,1690,1690 - 1699,Oklahoma
141,7,7,0.0,1690,1690 - 1699,Oregon
142,240,437,0.29,1690,1690 - 1699,Pennsylvania
143,0,4,1.0,1690,1690 - 1699,null
144,339,425,0.11,1690,1690 - 1699,Rhode Island
145,23,53,0.39,1690,1690 - 1699,South Carolina
147,5,2,-0.43,1690,1690 - 1699,Tennessee
148,6,4,-0.2,1690,1690 - 1699,Texas
149,1,1,0.0,1690,1690 - 1699,null
150,1,3,0.5,1690,1690 - 1699,Utah
151,8,11,0.16,1690,1690 - 1699,Vermont
152,298,483,0.24,1690,1690 - 1699,Virginia
153,14,15,0.03,1690,1690 - 1699,Washington
154,11,13,0.08,1690,1690 - 1699,West Virginia
155,1,3,0.5,1690,1690 - 1699,Wisconsin
101,8,8,0.0,1680,1680 - 1689,Alabama
106,5,51,0.82,1680,1680 - 1689,California
107,15,11,-0.15,1680,1680 - 1689,Colorado
109,642,765,0.09,1680,1680 - 1689,Connecticut
110,96,142,0.19,1680,1680 - 1689,Delaware
113,1,2,0.33,1680,1680 - 1689,Georgia
117,5,5,0.0,1680,1680 - 1689,Illinois
118,14,19,0.15,1680,1680 - 1689,Indiana
119,2,3,0.2,1680,1680 - 1689,Iowa
120,0,1,1.0,1680,1680 - 1689,Kansas
121,9,9,0.0,1680,1680 - 1689,Kentucky
122,1,94,0.98,1680,1680 - 1689,Louisiana
123,169,138,-0.1,1680,1680 - 1689,Maine
124,136,184,0.15,1680,1680 - 1689,Maryland
125,1135,1469,0.13,1680,1680 - 1689,Massachusetts
126,2,3,0.2,1680,1680 - 1689,Michigan
127,1,0,-1.0,1680,1680 - 1689,Minnesota
128,15,14,-0.03,1680,1680 - 1689,Mississippi
129,0,1,1.0,1680,1680 - 1689,Missouri
130,0,5,1.0,1680,1680 - 1689,Montana
131,0,25,1.0,1680,1680 - 1689,Nebraska
133,151,172,0.07,1680,1680 - 1689,New Hampshire
134,295,503,0.26,1680,1680 - 1689,New Jersey
135,20,46,0.39,1680,1680 - 1689,New Mexico
136,366,446,0.1,1680,1680 - 1689,New York
137,95,122,0.12,1680,1680 - 1689,North Carolina
138,6,6,0.0,1680,1680 - 1689,North Dakota
139,0,1,1.0,1680,1680 - 1689,Ohio
140,8,9,0.06,1680,1680 - 1689,Oklahoma
141,4,5,0.11,1680,1680 - 1689,Oregon
142,108,489,0.64,1680,1680 - 1689,Pennsylvania
143,1,2,0.33,1680,1680 - 1689,null
144,293,415,0.17,1680,1680 - 1689,Rhode Island
145,9,37,0.61,1680,1680 - 1689,South Carolina
146,1,0,-1.0,1680,1680 - 1689,South Dakota
147,21,22,0.02,1680,1680 - 1689,Tennessee
148,6,8,0.14,1680,1680 - 1689,Texas
149,2,2,0.0,1680,1680 - 1689,null
151,9,12,0.14,1680,1680 - 1689,Vermont
152,262,451,0.27,1680,1680 - 1689,Virginia
153,18,19,0.03,1680,1680 - 1689,Washington
154,6,12,0.33,1680,1680 - 1689,West Virginia
155,1,0,-1.0,1680,1680 - 1689,Wisconsin
157,1,1,0.0,1680,1680 - 1689,Carolina
105,0,2,1.0,1660,1660 - 1669,Arkansas
106,2,54,0.93,1660,1660 - 1669,California
107,12,13,0.04,1660,1660 - 1669,Colorado
109,641,719,0.06,1660,1660 - 1669,Connecticut
110,33,43,0.13,1660,1660 - 1669,Delaware
113,4,9,0.38,1660,1660 - 1669,Georgia
117,0,1,1.0,1660,1660 - 1669,Illinois
118,18,19,0.03,1660,1660 - 1669,Indiana
119,1,1,0.0,1660,1660 - 1669,Iowa
120,0,1,1.0,1660,1660 - 1669,Kansas
121,7,8,0.07,1660,1660 - 1669,Kentucky
122,2,28,0.87,1660,1660 - 1669,Louisiana
123,142,156,0.05,1660,1660 - 1669,Maine
124,98,247,0.43,1660,1660 - 1669,Maryland
125,1034,1505,0.19,1660,1660 - 1669,Massachusetts
127,3,3,0.0,1660,1660 - 1669,Minnesota
128,17,19,0.06,1660,1660 - 1669,Mississippi
131,2,19,0.81,1660,1660 - 1669,Nebraska
133,158,201,0.12,1660,1660 - 1669,New Hampshire
134,158,372,0.4,1660,1660 - 1669,New Jersey
135,2,5,0.43,1660,1660 - 1669,New Mexico
136,284,662,0.4,1660,1660 - 1669,New York
137,27,63,0.4,1660,1660 - 1669,North Carolina
138,7,11,0.22,1660,1660 - 1669,North Dakota
139,0,1,1.0,1660,1660 - 1669,Ohio
140,1,0,-1.0,1660,1660 - 1669,Oklahoma
141,5,6,0.09,1660,1660 - 1669,Oregon
142,30,110,0.57,1660,1660 - 1669,Pennsylvania
143,2,4,0.33,1660,1660 - 1669,null
144,248,315,0.12,1660,1660 - 1669,Rhode Island
145,0,8,1.0,1660,1660 - 1669,South Carolina
147,2,3,0.2,1660,1660 - 1669,Tennessee
148,2,4,0.33,1660,1660 - 1669,Texas
149,2,1,-0.33,1660,1660 - 1669,null
150,0,2,1.0,1660,1660 - 1669,Utah
151,6,3,-0.33,1660,1660 - 1669,Vermont
152,181,388,0.36,1660,1660 - 1669,Virginia
153,18,20,0.05,1660,1660 - 1669,Washington
154,2,3,0.2,1660,1660 - 1669,West Virginia
105,0,2,1.0,1650,1650 - 1659,Arkansas
106,0,21,1.0,1650,1650 - 1659,California
107,10,8,-0.11,1650,1650 - 1659,Colorado
109,532,648,0.1,1650,1650 - 1659,Connecticut
110,9,22,0.42,1650,1650 - 1659,Delaware
113,1,1,0.0,1650,1650 - 1659,Georgia
116,1,1,0.0,1650,1650 - 1659,Idaho
117,0,1,1.0,1650,1650 - 1659,Illinois
118,8,17,0.36,1650,1650 - 1659,Indiana
121,10,9,-0.05,1650,1650 - 1659,Kentucky
122,1,21,0.91,1650,1650 - 1659,Louisiana
123,99,139,0.17,1650,1650 - 1659,Maine
124,86,170,0.33,1650,1650 - 1659,Maryland
125,865,1460,0.26,1650,1650 - 1659,Massachusetts
126,1,1,0.0,1650,1650 - 1659,Michigan
128,8,9,0.06,1650,1650 - 1659,Mississippi
129,1,2,0.33,1650,1650 - 1659,Missouri
130,2,1,-0.33,1650,1650 - 1659,Montana
131,5,17,0.55,1650,1650 - 1659,Nebraska
133,143,200,0.17,1650,1650 - 1659,New Hampshire
134,100,137,0.16,1650,1650 - 1659,New Jersey
135,3,11,0.57,1650,1650 - 1659,New Mexico
136,195,559,0.48,1650,1650 - 1659,New York
137,18,23,0.12,1650,1650 - 1659,North Carolina
138,2,3,0.2,1650,1650 - 1659,North Dakota
139,2,2,0.0,1650,1650 - 1659,Ohio
140,1,1,0.0,1650,1650 - 1659,Oklahoma
141,7,9,0.12,1650,1650 - 1659,Oregon
142,15,51,0.55,1650,1650 - 1659,Pennsylvania
143,0,3,1.0,1650,1650 - 1659,null
144,166,265,0.23,1650,1650 - 1659,Rhode Island
145,1,1,0.0,1650,1650 - 1659,South Carolina
148,0,1,1.0,1650,1650 - 1659,Texas
149,1,1,0.0,1650,1650 - 1659,null
151,0,2,1.0,1650,1650 - 1659,Vermont
152,145,338,0.4,1650,1650 - 1659,Virginia
153,4,7,0.27,1650,1650 - 1659,Washington
154,0,2,1.0,1650,1650 - 1659,West Virginia
101,45,41,-0.05,1750,1750_1759,Alabama
105,6,9,0.2,1750,1750_1759,Arkansas
106,15,26,0.27,1750,1750_1759,California
107,13,21,0.24,1750,1750_1759,Colorado
109,1192,1091,-0.04,1750,1750_1759,Connecticut
110,198,183,-0.04,1750,1750_1759,Delaware
111,1,4,0.6,1750,1750_1759,District of Columbia
112,7,14,0.33,1750,1750_1759,Florida
113,137,206,0.2,1750,1750_1759,Georgia
115,0,1,1.0,1750,1750_1759,null
116,1,0,-1.0,1750,1750_1759,Idaho
117,25,24,-0.02,1750,1750_1759,Illinois
118,60,61,0.01,1750,1750_1759,Indiana
119,4,5,0.11,1750,1750_1759,Iowa
120,4,5,0.11,1750,1750_1759,Kansas
121,260,302,0.07,1750,1750_1759,Kentucky
122,31,184,0.71,1750,1750_1759,Louisiana
123,158,299,0.31,1750,1750_1759,Maine
124,1048,1096,0.02,1750,1750_1759,Maryland
125,1472,1461,0.0,1750,1750_1759,Massachusetts
126,7,46,0.74,1750,1750_1759,Michigan
127,1,1,0.0,1750,1750_1759,Minnesota
128,16,27,0.26,1750,1750_1759,Mississippi
129,19,24,0.12,1750,1750_1759,Missouri
130,12,21,0.27,1750,1750_1759,Montana
131,7,2,-0.56,1750,1750_1759,Nebraska
132,1,1,0.0,1750,1750_1759,Nevada
133,390,562,0.18,1750,1750_1759,New Hampshire
134,673,728,0.04,1750,1750_1759,New Jersey
135,7,31,0.63,1750,1750_1759,New Mexico
136,731,979,0.15,1750,1750_1759,New York
137,1781,2788,0.22,1750,1750_1759,North Carolina
138,3,4,0.14,1750,1750_1759,North Dakota
139,73,102,0.17,1750,1750_1759,Ohio
140,13,13,0.0,1750,1750_1759,Oklahoma
141,18,13,-0.16,1750,1750_1759,Oregon
142,2020,2129,0.03,1750,1750_1759,Pennsylvania
143,21,23,0.05,1750,1750_1759,null
144,402,445,0.05,1750,1750_1759,Rhode Island
145,588,871,0.19,1750,1750_1759,South Carolina
146,0,1,1.0,1750,1750_1759,South Dakota
147,173,199,0.07,1750,1750_1759,Tennessee
148,6,4,-0.2,1750,1750_1759,Texas
149,2,1,-0.33,1750,1750_1759,null
150,1,1,0.0,1750,1750_1759,Utah
151,219,281,0.12,1750,1750_1759,Vermont
152,3324,3214,-0.02,1750,1750_1759,Virginia
153,23,29,0.12,1750,1750_1759,Washington
154,350,405,0.07,1750,1750_1759,West Virginia
155,1,4,0.6,1750,1750_1759,Wisconsin
156,2,2,0.0,1750,1750_1759,Wyoming
157,0,2,1.0,1750,1750_1759,Carolina
101,19,15,-0.12,1720,1720_1729,Alabama
105,4,3,-0.14,1720,1720_1729,Arkansas
106,3,51,0.89,1720,1720_1729,California
107,22,24,0.04,1720,1720_1729,Colorado
109,674,898,0.14,1720,1720_1729,Connecticut
110,191,219,0.07,1720,1720_1729,Delaware
112,0,1,1.0,1720,1720_1729,Florida
113,29,32,0.05,1720,1720_1729,Georgia
114,1,0,-1.0,1720,1720_1729,null
116,0,1,1.0,1720,1720_1729,Idaho
117,5,7,0.17,1720,1720_1729,Illinois
118,29,38,0.13,1720,1720_1729,Indiana
119,0,1,1.0,1720,1720_1729,Iowa
120,2,3,0.2,1720,1720_1729,Kansas
121,40,49,0.1,1720,1720_1729,Kentucky
122,16,165,0.82,1720,1720_1729,Louisiana
123,131,218,0.25,1720,1720_1729,Maine
124,374,368,-0.01,1720,1720_1729,Maryland
125,1195,1236,0.02,1720,1720_1729,Massachusetts
126,3,31,0.82,1720,1720_1729,Michigan
127,2,4,0.33,1720,1720_1729,Minnesota
128,15,17,0.06,1720,1720_1729,Mississippi
129,6,4,-0.2,1720,1720_1729,Missouri
130,6,7,0.08,1720,1720_1729,Montana
131,2,13,0.73,1720,1720_1729,Nebraska
133,243,268,0.05,1720,1720_1729,New Hampshire
134,436,649,0.2,1720,1720_1729,New Jersey
135,1,12,0.85,1720,1720_1729,New Mexico
136,657,556,-0.08,1720,1720_1729,New York
137,445,663,0.2,1720,1720_1729,North Carolina
138,6,8,0.14,1720,1720_1729,North Dakota
139,5,10,0.33,1720,1720_1729,Ohio
140,6,8,0.14,1720,1720_1729,Oklahoma
141,11,10,-0.05,1720,1720_1729,Oregon
142,583,1452,0.43,1720,1720_1729,Pennsylvania
143,11,15,0.15,1720,1720_1729,null
144,345,375,0.04,1720,1720_1729,Rhode Island
145,87,127,0.19,1720,1720_1729,South Carolina
147,27,31,0.07,1720,1720_1729,Tennessee
148,1,0,-1.0,1720,1720_1729,Texas
149,5,6,0.09,1720,1720_1729,null
151,30,38,0.12,1720,1720_1729,Vermont
152,978,1333,0.15,1720,1720_1729,Virginia
153,12,19,0.23,1720,1720_1729,Washington
154,60,62,0.02,1720,1720_1729,West Virginia
155,0,1,1.0,1720,1720_1729,Wisconsin
157,0,3,1.0,1720,1720_1729,Carolina
101,6,11,0.29,1710,1710_1719,Alabama
105,0,1,1.0,1710,1710_1719,Arkansas
106,8,32,0.6,1710,1710_1719,California
107,18,15,-0.09,1710,1710_1719,Colorado
109,673,923,0.16,1710,1710_1719,Connecticut
110,144,211,0.19,1710,1710_1719,Delaware
113,11,15,0.15,1710,1710_1719,Georgia
117,3,15,0.67,1710,1710_1719,Illinois
118,20,31,0.22,1710,1710_1719,Indiana
119,2,4,0.33,1710,1710_1719,Iowa
120,1,2,0.33,1710,1710_1719,Kansas
121,21,32,0.21,1710,1710_1719,Kentucky
122,4,146,0.95,1710,1710_1719,Louisiana
123,122,188,0.21,1710,1710_1719,Maine
124,210,292,0.16,1710,1710_1719,Maryland
125,1105,1155,0.02,1710,1710_1719,Massachusetts
126,2,26,0.86,1710,1710_1719,Michigan
127,2,3,0.2,1710,1710_1719,Minnesota
128,14,15,0.03,1710,1710_1719,Mississippi
129,4,6,0.2,1710,1710_1719,Missouri
130,1,8,0.78,1710,1710_1719,Montana
131,2,18,0.8,1710,1710_1719,Nebraska
133,175,201,0.07,1710,1710_1719,New Hampshire
134,397,607,0.21,1710,1710_1719,New Jersey
135,3,14,0.65,1710,1710_1719,New Mexico
136,511,557,0.04,1710,1710_1719,New York
137,278,450,0.24,1710,1710_1719,North Carolina
138,1,2,0.33,1710,1710_1719,North Dakota
139,8,12,0.2,1710,1710_1719,Ohio
140,8,9,0.06,1710,1710_1719,Oklahoma
141,6,8,0.14,1710,1710_1719,Oregon
142,441,889,0.34,1710,1710_1719,Pennsylvania
143,0,8,1.0,1710,1710_1719,nul
144,313,323,0.02,1710,1710_1719,Rhode Island
145,59,74,0.11,1710,1710_1719,South Carolina
147,23,19,-0.1,1710,1710_1719,Tennessee
148,0,1,1.0,1710,1710_1719,Texas
149,2,5,0.43,1710,1710_1719,null
151,19,22,0.07,1710,1710_1719,Vermont
152,648,858,0.14,1710,1710_1719,Virginia
153,15,16,0.03,1710,1710_1719,Washington
154,20,32,0.23,1710,1710_1719,West Virginia
155,0,2,1.0,1710,1710_1719,Wisconsin
101,64,63,-0.01,1760,1760_1769,Alabama
104,0,1,1.0,1760,1760_1769,Arizona
105,8,12,0.2,1760,1760_1769,Arkansas
106,13,40,0.51,1760,1760_1769,California
107,19,18,-0.03,1760,1760_1769,Colorado
108,1,1,0.0,1760,1760_1769,null
109,1574,1170,-0.15,1760,1760_1769,Connecticut
110,206,170,-0.1,1760,1760_1769,Delaware
111,5,3,-0.25,1760,1760_1769,District of Columbia
112,11,9,-0.1,1760,1760_1769,Florida
113,296,430,0.18,1760,1760_1769,Georgia
115,1,0,-1.0,1760,1760_1769,null
116,0,4,1.0,1760,1760_1769,Idaho
117,33,48,0.19,1760,1760_1769,Illinois
118,81,104,0.12,1760,1760_1769,Indiana
119,10,10,0.0,1760,1760_1769,Iowa
120,1,0,-1.0,1760,1760_1769,Kansas
121,473,625,0.14,1760,1760_1769,Kentucky
122,58,337,0.71,1760,1760_1769,Louisiana
123,244,445,0.29,1760,1760_1769,Maine
124,1350,1161,-0.08,1760,1760_1769,Maryland
125,1803,1693,-0.03,1760,1760_1769,Massachusetts
126,16,65,0.6,1760,1760_1769,Michigan
127,3,6,0.33,1760,1760_1769,Minnesota
128,36,36,0.0,1760,1760_1769,Mississippi
129,38,52,0.16,1760,1760_1769,Missouri
130,25,31,0.11,1760,1760_1769,Montana
131,3,11,0.57,1760,1760_1769,Nebraska
132,0,1,1.0,1760,1760_1769,Nevada
133,505,746,0.19,1760,1760_1769,New Hampshire
134,915,779,-0.08,1760,1760_1769,New Jersey
135,4,21,0.68,1760,1760_1769,New Mexico
136,1003,1261,0.11,1760,1760_1769,New York
137,2511,3487,0.16,1760,1760_1769,North Carolina
138,6,9,0.2,1760,1760_1769,North Dakota
139,124,143,0.07,1760,1760_1769,Ohio
140,18,24,0.14,1760,1760_1769,Oklahoma
141,21,24,0.07,1760,1760_1769,Oregon
142,2306,2193,-0.03,1760,1760_1769,Pennsylvania
143,25,32,0.12,1760,1760_1769,null
144,480,431,-0.05,1760,1760_1769,Rhode Island
145,881,1406,0.23,1760,1760_1769,South Carolina
147,370,483,0.13,1760,1760_1769,Tennessee
148,4,9,0.38,1760,1760_1769,Texas
149,1,2,0.33,1760,1760_1769,null
150,1,0,-1.0,1760,1760_1769,Utah
151,386,696,0.29,1760,1760_1769,Vermont
152,4334,4042,-0.03,1760,1760_1769,Virginia
153,30,29,-0.02,1760,1760_1769,Washington
154,517,600,0.07,1760,1760_1769,West Virginia
155,3,4,0.14,1760,1760_1769,Wisconsin
156,0,1,1.0,1760,1760_1769,Wyoming
157,3,7,0.4,1760,1760_1769,Carolina
101,110,128,0.08,1780,1780_1789,Alabama
104,0,1,1.0,1780,1780_1789,Arizona
105,25,26,0.02,1780,1780_1789,Arkansas
106,18,48,0.45,1780,1780_1789,California
107,26,18,-0.18,1780,1780_1789,Colorado
108,1,1,0.0,1780,1780_1789,null
109,1939,1213,-0.23,1780,1780_1789,Connecticut
110,234,168,-0.16,1780,1780_1789,Delaware
111,8,11,0.16,1780,1780_1789,District of Columbia
112,22,31,0.17,1780,1780_1789,Florida
113,834,1641,0.33,1780,1780_1789,Georgia
116,1,4,0.6,1780,1780_1789,Idaho
117,94,113,0.09,1780,1780_1789,Illinois
118,225,260,0.07,1780,1780_1789,Indiana
119,14,9,-0.22,1780,1780_1789,Iowa
120,7,11,0.22,1780,1780_1789,Kansas
121,1726,3772,0.37,1780,1780_1789,Kentucky
122,45,244,0.69,1780,1780_1789,Louisiana
123,323,625,0.32,1780,1780_1789,Maine
124,1763,1128,-0.22,1780,1780_1789,Maryland
125,2397,1612,-0.2,1780,1780_1789,Massachusetts
126,37,108,0.49,1780,1780_1789,Michigan
127,7,8,0.07,1780,1780_1789,Minnesota
128,73,106,0.18,1780,1780_1789,Mississippi
129,65,94,0.18,1780,1780_1789,Missouri
130,44,40,-0.05,1780,1780_1789,Montana
131,5,8,0.23,1780,1780_1789,Nebraska
133,726,800,0.05,1780,1780_1789,New Hampshire
134,1126,809,-0.16,1780,1780_1789,New Jersey
135,17,50,0.49,1780,1780_1789,New Mexico
136,1354,2287,0.26,1780,1780_1789,New York
137,4474,3984,-0.06,1780,1780_1789,North Carolina
138,3,2,-0.2,1780,1780_1789,North Dakota
139,542,691,0.12,1780,1780_1789,Ohio
140,26,27,0.02,1780,1780_1789,Oklahoma
141,35,33,-0.03,1780,1780_1789,Oregon
142,3017,2773,-0.04,1780,1780_1789,Pennsylvania
143,53,59,0.05,1780,1780_1789,null
144,526,370,-0.17,1780,1780_1789,Rhode Island
145,1704,2282,0.15,1780,1780_1789,South Carolina
146,0,1,1.0,1780,1780_1789,South Dakota
147,1381,2312,0.25,1780,1780_1789,Tennessee
148,19,14,-0.15,1780,1780_1789,Texas
149,3,2,-0.2,1780,1780_1789,null
150,2,3,0.2,1780,1780_1789,Utah
151,844,1669,0.33,1780,1780_1789,Vermont
152,7611,5644,-0.15,1780,1780_1789,Virginia
153,43,44,0.01,1780,1780_1789,Washington
154,1196,1371,0.07,1780,1780_1789,West Virginia
155,8,17,0.36,1780,1780_1789,Wisconsin
156,0,1,1.0,1780,1780_1789,Wyoming
157,12,6,-0.33,1780,1780_1789,Carolina
158,0,1,1.0,1780,1780_1789,Dakota
101,222,295,0.14,1790,1790_1799,Alabama
104,1,1,0.0,1790,1790_1799,Arizona
105,30,40,0.14,1790,1790_1799,Arkansas
106,20,72,0.57,1790,1790_1799,California
107,23,22,-0.02,1790,1790_1799,Colorado
109,2040,1020,-0.33,1790,1790_1799,Connecticut
110,238,143,-0.25,1790,1790_1799,Delaware
111,21,45,0.36,1790,1790_1799,District of Columbia
112,35,39,0.05,1790,1790_1799,Florida
113,1204,2146,0.28,1790,1790_1799,Georgia
116,1,3,0.5,1790,1790_1799,Idaho
117,168,232,0.16,1790,1790_1799,Illinois
118,372,557,0.2,1790,1790_1799,Indiana
119,12,19,0.23,1790,1790_1799,Iowa
120,12,11,-0.04,1790,1790_1799,Kansas
121,2868,6054,0.36,1790,1790_1799,Kentucky
122,86,243,0.48,1790,1790_1799,Louisiana
123,323,622,0.32,1790,1790_1799,Maine
124,1913,985,-0.32,1790,1790_1799,Maryland
125,2266,1342,-0.26,1790,1790_1799,Massachusetts
126,54,124,0.39,1790,1790_1799,Michigan
127,7,11,0.22,1790,1790_1799,Minnesota
128,142,177,0.11,1790,1790_1799,Mississippi
129,144,255,0.28,1790,1790_1799,Missouri
130,35,38,0.04,1790,1790_1799,Montana
131,3,3,0.0,1790,1790_1799,Nebraska
133,887,690,-0.12,1790,1790_1799,New Hampshire
134,1134,658,-0.27,1790,1790_1799,New Jersey
135,31,48,0.22,1790,1790_1799,New Mexico
136,1766,3600,0.34,1790,1790_1799,New York
137,5566,3799,-0.19,1790,1790_1799,North Carolina
138,2,5,0.43,1790,1790_1799,North Dakota
139,1035,2316,0.38,1790,1790_1799,Ohio
140,38,51,0.15,1790,1790_1799,Oklahoma
141,31,33,0.03,1790,1790_1799,Oregon
142,3357,2917,-0.07,1790,1790_1799,Pennsylvania
143,69,65,-0.03,1790,1790_1799,null
144,518,340,-0.21,1790,1790_1799,Rhode Island
145,2636,2408,-0.05,1790,1790_1799,South Carolina
146,1,1,0.0,1790,1790_1799,South Dakota
147,2240,3920,0.27,1790,1790_1799,Tennessee
148,23,30,0.13,1790,1790_1799,Texas
149,0,2,1.0,1790,1790_1799,null
150,2,4,0.33,1790,1790_1799,Utah
151,1208,1787,0.19,1790,1790_1799,Vermont
152,8453,5777,-0.19,1790,1790_1799,Virginia
153,48,46,-0.02,1790,1790_1799,Washington
154,1547,1700,0.05,1790,1790_1799,West Virginia
155,15,18,0.09,1790,1790_1799,Wisconsin
156,1,1,0.0,1790,1790_1799,Wyoming
157,11,12,0.04,1790,1790_1799,Carolina
158,0,1,1.0,1790,1790_1799,Dakota
101,71,69,-0.01,1770,1770_1779,Alabama
103,0,1,1.0,1770,1770_1779,null
105,13,12,-0.04,1770,1770_1779,Arkansas
106,13,51,0.59,1770,1770_1779,California
107,14,22,0.22,1770,1770_1779,Colorado
109,1683,1195,-0.17,1770,1770_1779,Connecticut
110,159,166,0.02,1770,1770_1779,Delaware
111,6,11,0.29,1770,1770_1779,District of Columbia
112,9,17,0.31,1770,1770_1779,Florida
113,529,766,0.18,1770,1770_1779,Georgia
116,1,0,-1.0,1770,1770_1779,Idaho
117,69,59,-0.08,1770,1770_1779,Illinois
118,149,157,0.03,1770,1770_1779,Indiana
119,11,11,0.0,1770,1770_1779,Iowa
120,2,4,0.33,1770,1770_1779,Kansas
121,997,1535,0.21,1770,1770_1779,Kentucky
122,44,198,0.64,1770,1770_1779,Louisiana
123,335,584,0.27,1770,1770_1779,Maine
124,1684,1316,-0.12,1770,1770_1779,Maryland
125,2006,1716,-0.08,1770,1770_1779,Massachusetts
126,19,54,0.48,1770,1770_1779,Michigan
127,3,5,0.25,1770,1770_1779,Minnesota
128,51,81,0.23,1770,1770_1779,Mississippi
129,44,48,0.04,1770,1770_1779,Missouri
130,34,36,0.03,1770,1770_1779,Montana
131,8,12,0.2,1770,1770_1779,Nebraska
133,570,837,0.19,1770,1770_1779,New Hampshire
134,934,843,-0.05,1770,1770_1779,New Jersey
135,10,33,0.53,1770,1770_1779,New Mexico
136,1152,1529,0.14,1770,1770_1779,New York
137,3403,3900,0.07,1770,1770_1779,North Carolina
138,8,5,-0.23,1770,1770_1779,North Dakota
139,233,310,0.14,1770,1770_1779,Ohio
140,24,23,-0.02,1770,1770_1779,Oklahoma
141,30,35,0.08,1770,1770_1779,Oregon
142,2595,2609,0.0,1770,1770_1779,Pennsylvania
143,44,44,0.0,1770,1770_1779,null
144,583,420,-0.16,1770,1770_1779,Rhode Island
145,1265,1761,0.16,1770,1770_1779,South Carolina
147,764,1181,0.21,1770,1770_1779,Tennessee
148,2,8,0.6,1770,1770_1779,Texas
149,4,3,-0.14,1770,1770_1779,null
150,2,3,0.2,1770,1770_1779,Utah
151,558,1062,0.31,1770,1770_1779,Vermont
152,5842,5067,-0.07,1770,1770_1779,Virginia
153,41,40,-0.01,1770,1770_1779,Washington
154,844,979,0.07,1770,1770_1779,West Virginia
155,6,6,0.0,1770,1770_1779,Wisconsin
156,2,2,0.0,1770,1770_1779,Wyoming
157,11,14,0.12,1770,1770_1779,Carolina
101,12,8,-0.2,1700,1700_1709,Alabama
105,1,0,-1.0,1700,1700_1709,Arkansas
106,7,34,0.66,1700,1700_1709,California
107,9,15,0.25,1700,1700_1709,Colorado
109,725,998,0.16,1700,1700_1709,Connecticut
110,105,134,0.12,1700,1700_1709,Delaware
113,14,17,0.1,1700,1700_1709,Georgia
116,0,1,1.0,1700,1700_1709,Idaho
117,2,7,0.56,1700,1700_1709,Illinois
118,13,20,0.21,1700,1700_1709,Indiana
119,2,1,-0.33,1700,1700_1709,Iowa
120,1,2,0.33,1700,1700_1709,Kansas
121,16,18,0.06,1700,1700_1709,Kentucky
122,1,137,0.99,1700,1700_1709,Louisiana
123,100,129,0.13,1700,1700_1709,Maine
124,168,205,0.1,1700,1700_1709,Maryland
125,1165,1262,0.04,1700,1700_1709,Massachusetts
126,1,36,0.95,1700,1700_1709,Michigan
127,0,1,1.0,1700,1700_1709,Minnesota
128,12,13,0.04,1700,1700_1709,Mississippi
129,3,1,-0.5,1700,1700_1709,Missouri
130,0,6,1.0,1700,1700_1709,Montana
131,1,13,0.86,1700,1700_1709,Nebraska
133,143,167,0.08,1700,1700_1709,New Hampshire
134,392,650,0.25,1700,1700_1709,New Jersey
135,3,9,0.5,1700,1700_1709,New Mexico
136,578,610,0.03,1700,1700_1709,New York
137,178,286,0.23,1700,1700_1709,North Carolina
138,4,2,-0.33,1700,1700_1709,North Dakota
139,2,1,-0.33,1700,1700_1709,Ohio
140,6,5,-0.09,1700,1700_1709,Oklahoma
141,8,11,0.16,1700,1700_1709,Oregon
142,236,580,0.42,1700,1700_1709,Pennsylvania
143,4,6,0.2,1700,1700_1709,null
144,371,411,0.05,1700,1700_1709,Rhode Island
145,34,45,0.14,1700,1700_1709,South Carolina
146,1,1,0.0,1700,1700_1709,South Dakota
147,10,17,0.26,1700,1700_1709,Tennessee
148,0,1,1.0,1700,1700_1709,Texas
150,0,1,1.0,1700,1700_1709,Utah
151,12,15,0.11,1700,1700_1709,Vermont
152,452,630,0.16,1700,1700_1709,Virginia
153,23,24,0.02,1700,1700_1709,Washington
154,17,17,0.0,1700,1700_1709,West Virginia
155,1,2,0.33,1700,1700_1709,Wisconsin
101,12,21,0.27,1730,1730_1739,Alabama
105,11,8,-0.16,1730,1730_1739,Arkansas
106,7,28,0.6,1730,1730_1739,California
107,13,14,0.04,1730,1730_1739,Colorado
108,1,1,0.0,1730,1730_1739,null
109,744,947,0.12,1730,1730_1739,Connecticut
110,212,231,0.04,1730,1730_1739,Delaware
111,1,0,-1.0,1730,1730_1739,District of Columbia
112,0,3,1.0,1730,1730_1739,Florida
113,54,92,0.26,1730,1730_1739,Georgia
116,1,1,0.0,1730,1730_1739,Idaho
117,10,17,0.26,1730,1730_1739,Illinois
118,46,68,0.19,1730,1730_1739,Indiana
119,2,3,0.2,1730,1730_1739,Iowa
120,1,0,-1.0,1730,1730_1739,Kansas
121,60,97,0.24,1730,1730_1739,Kentucky
122,16,162,0.82,1730,1730_1739,Louisiana
123,167,247,0.19,1730,1730_1739,Maine
124,558,635,0.06,1730,1730_1739,Maryland
125,1424,1263,-0.06,1730,1730_1739,Massachusetts
126,6,35,0.71,1730,1730_1739,Michigan
127,4,4,0.0,1730,1730_1739,Minnesota
128,19,12,-0.23,1730,1730_1739,Mississippi
129,4,8,0.33,1730,1730_1739,Missouri
130,3,5,0.25,1730,1730_1739,Montana
131,3,7,0.4,1730,1730_1739,Nebraska
133,244,408,0.25,1730,1730_1739,New Hampshire
134,530,663,0.11,1730,1730_1739,New Jersey
135,7,19,0.46,1730,1730_1739,New Mexico
136,612,644,0.03,1730,1730_1739,New York
137,855,1113,0.13,1730,1730_1739,North Carolina
138,3,2,-0.2,1730,1730_1739,North Dakota
139,28,35,0.11,1730,1730_1739,Ohio
140,9,10,0.05,1730,1730_1739,Oklahoma
141,14,23,0.24,1730,1730_1739,Oregon
142,1059,2131,0.34,1730,1730_1739,Pennsylvania
143,15,16,0.03,1730,1730_1739,null
144,409,460,0.06,1730,1730_1739,Rhode Island
145,171,271,0.23,1730,1730_1739,South Carolina
146,1,1,0.0,1730,1730_1739,South Dakota
147,49,54,0.05,1730,1730_1739,Tennessee
148,5,5,0.0,1730,1730_1739,Texas
149,2,1,-0.33,1730,1730_1739,
150,0,2,1.0,1730,1730_1739,Utah
151,63,80,0.12,1730,1730_1739,Vermont
152,1553,2031,0.13,1730,1730_1739,Virginia
153,19,18,-0.03,1730,1730_1739,Washington
154,109,122,0.06,1730,1730_1739,West Virginia
155,0,1,1.0,1730,1730_1739,Wisconsin
157,2,2,0.0,1730,1730_1739,Carolina
101,32,28,-0.07,1740,1740_1749,Alabama
105,4,2,-0.33,1740,1740_1749,Arkansas
106,9,34,0.58,1740,1740_1749,California
107,13,15,0.07,1740,1740_1749,Colorado
109,899,1015,0.06,1740,1740_1749,Connecticut
110,188,227,0.09,1740,1740_1749,Delaware
111,2,2,0.0,1740,1740_1749,District of Columbia
112,5,5,0.0,1740,1740_1749,Florida
113,93,106,0.07,1740,1740_1749,Georgia
116,0,1,1.0,1740,1740_1749,Idaho
117,12,15,0.11,1740,1740_1749,Illinois
118,60,66,0.05,1740,1740_1749,Indiana
119,2,2,0.0,1740,1740_1749,Iowa
120,1,0,-1.0,1740,1740_1749,Kansas
121,139,156,0.06,1740,1740_1749,Kentucky
122,26,221,0.79,1740,1740_1749,Louisiana
123,176,264,0.2,1740,1740_1749,Maine
124,776,786,0.01,1740,1740_1749,Maryland
125,1635,1451,-0.06,1740,1740_1749,Massachusetts
126,9,33,0.57,1740,1740_1749,Michigan
127,0,2,1.0,1740,1740_1749,Minnesota
128,24,30,0.11,1740,1740_1749,Mississippi
129,5,13,0.44,1740,1740_1749,Missouri
130,18,20,0.05,1740,1740_1749,Montana
131,5,11,0.38,1740,1740_1749,Nebraska
132,0,1,1.0,1740,1740_1749,Nevada
133,382,532,0.16,1740,1740_1749,New Hampshire
134,585,737,0.11,1740,1740_1749,New Jersey
135,9,30,0.54,1740,1740_1749,New Mexico
136,620,739,0.09,1740,1740_1749,New York
137,1190,1719,0.18,1740,1740_1749,North Carolina
138,4,4,0.0,1740,1740_1749,North Dakota
139,35,57,0.24,1740,1740_1749,Ohio
140,14,19,0.15,1740,1740_1749,Oklahoma
141,22,25,0.06,1740,1740_1749,Oregon
142,1412,1937,0.16,1740,1740_1749,Pennsylvania
143,14,21,0.2,1740,1740_1749,null
144,430,465,0.04,1740,1740_1749,Rhode Island
145,315,428,0.15,1740,1740_1749,South Carolina
147,86,87,0.01,1740,1740_1749,Tennessee
148,3,5,0.25,1740,1740_1749,Texas
149,0,1,1.0,1740,1740_1749,nill
150,0,1,1.0,1740,1740_1749,Utah
151,109,139,0.12,1740,1740_1749,Vermont
152,2176,2547,0.08,1740,1740_1749,Virginia
153,20,21,0.02,1740,1740_1749,Washington
154,209,253,0.1,1740,1740_1749,West Virginia
155,0,2,1.0,1740,1740_1749,Wisconsin
157,2,3,0.2,1740,1740_1749,Carolina
101,162,80,-0.34,1930,1930 - 1939,Alabama
102,3,5,0.25,1930,1930 - 1939,null
104,92,144,0.22,1930,1930 - 1939,Arizona
105,244,190,-0.12,1930,1930 - 1939,Arkansas
106,198,587,0.5,1930,1930 - 1939,California
107,162,169,0.02,1930,1930 - 1939,Colorado
109,16,29,0.29,1930,1930 - 1939,Connecticut
110,6,20,0.54,1930,1930 - 1939,Delaware
111,14,30,0.36,1930,1930 - 1939,District of Columbia
112,80,111,0.16,1930,1930 - 1939,Florida
113,94,93,-0.01,1930,1930 - 1939,Georgia
115,2,4,0.33,1930,1930 - 1939,null
116,164,192,0.08,1930,1930 - 1939,Idaho
117,197,218,0.05,1930,1930 - 1939,Illinois
118,192,206,0.04,1930,1930 - 1939,Indiana
119,155,147,-0.03,1930,1930 - 1939,Iowa
120,268,201,-0.14,1930,1930 - 1939,Kansas
121,290,212,-0.16,1930,1930 - 1939,Kentucky
122,84,96,0.07,1930,1930 - 1939,Louisiana
123,21,20,-0.02,1930,1930 - 1939,Maine
124,43,51,0.09,1930,1930 - 1939,Maryland
125,37,45,0.1,1930,1930 - 1939,Massachusetts
126,159,173,0.04,1930,1930 - 1939,Michigan
127,87,103,0.08,1930,1930 - 1939,Minnesota
128,64,67,0.02,1930,1930 - 1939,Mississippi
129,331,304,-0.04,1930,1930 - 1939,Missouri
130,63,65,0.02,1930,1930 - 1939,Montana
131,179,84,-0.36,1930,1930 - 1939,Nebraska
132,35,40,0.07,1930,1930 - 1939,Nevada
133,22,28,0.12,1930,1930 - 1939,New Hampshire
134,35,32,-0.04,1930,1930 - 1939,New Jersey
135,120,135,0.06,1930,1930 - 1939,New Mexico
136,91,113,0.11,1930,1930 - 1939,New York
137,96,117,0.1,1930,1930 - 1939,North Carolina
138,81,43,-0.31,1930,1930 - 1939,North Dakota
139,260,255,-0.01,1930,1930 - 1939,Ohio
140,584,332,-0.28,1930,1930 - 1939,Oklahoma
141,73,165,0.39,1930,1930 - 1939,Oregon
142,120,132,0.05,1930,1930 - 1939,Pennsylvania
143,1,1,0.0,1930,1930 - 1939,null
144,10,7,-0.18,1930,1930 - 1939,Rhode Island
145,61,55,-0.05,1930,1930 - 1939,South Carolina
146,97,51,-0.31,1930,1930 - 1939,South Dakota
147,159,192,0.09,1930,1930 - 1939,Tennessee
148,382,360,-0.03,1930,1930 - 1939,Texas
150,175,173,-0.01,1930,1930 - 1939,Utah
151,16,20,0.11,1930,1930 - 1939,Vermont
152,124,125,0.0,1930,1930 - 1939,Virginia
153,88,187,0.36,1930,1930 - 1939,Washington
154,152,130,-0.08,1930,1930 - 1939,West Virginia
155,74,78,0.03,1930,1930 - 1939,Wisconsin
156,60,65,0.04,1930,1930 - 1939,Wyoming
158,4,4,0.0,1930,1930 - 1939,Dakota
101,63,39,-0.24,1940,1940 - 1949,Alabama
102,5,5,0.0,1940,1940 - 1949,null
103,1,1,0.0,1940,1940 - 1949,null
104,66,67,0.01,1940,1940 - 1949,Arizona
105,115,60,-0.31,1940,1940 - 1949,Arkansas
106,212,395,0.3,1940,1940 - 1949,California
107,68,67,-0.01,1940,1940 - 1949,Colorado
109,15,17,0.06,1940,1940 - 1949,Connecticut
110,6,7,0.08,1940,1940 - 1949,Delaware
111,14,17,0.1,1940,1940 - 1949,District of Columbia
112,58,62,0.03,1940,1940 - 1949,Florida
113,48,48,0.0,1940,1940 - 1949,Georgia
114,1,0,-1.0,1940,1940 - 1949,null
115,3,4,0.14,1940,1940 - 1949,null
116,65,64,-0.01,1940,1940 - 1949,Idaho
117,86,99,0.07,1940,1940 - 1949,Illinois
118,60,99,0.25,1940,1940 - 1949,Indiana
119,79,65,-0.1,1940,1940 - 1949,Iowa
120,85,103,0.1,1940,1940 - 1949,Kansas
121,128,83,-0.21,1940,1940 - 1949,Kentucky
122,36,38,0.03,1940,1940 - 1949,Louisiana
123,8,5,-0.23,1940,1940 - 1949,Maine
124,17,24,0.17,1940,1940 - 1949,Maryland
125,26,30,0.07,1940,1940 - 1949,Massachusetts
126,62,79,0.12,1940,1940 - 1949,Michigan
127,49,44,-0.05,1940,1940 - 1949,Minnesota
128,38,26,-0.19,1940,1940 - 1949,Mississippi
129,150,104,-0.18,1940,1940 - 1949,Missouri
130,18,23,0.12,1940,1940 - 1949,Montana
131,35,40,0.07,1940,1940 - 1949,Nebraska
132,18,20,0.05,1940,1940 - 1949,Nevada
133,10,11,0.05,1940,1940 - 1949,New Hampshire
134,13,17,0.13,1940,1940 - 1949,New Jersey
135,42,53,0.12,1940,1940 - 1949,New Mexico
136,46,48,0.02,1940,1940 - 1949,New York
137,43,56,0.13,1940,1940 - 1949,North Carolina
138,14,11,-0.12,1940,1940 - 1949,North Dakota
139,100,119,0.09,1940,1940 - 1949,Ohio
140,188,98,-0.31,1940,1940 - 1949,Oklahoma
141,68,86,0.12,1940,1940 - 1949,Oregon
142,64,67,0.02,1940,1940 - 1949,Pennsylvania
143,2,2,0.0,1940,1940 - 1949,null
144,4,2,-0.33,1940,1940 - 1949,Rhode Island
145,26,23,-0.06,1940,1940 - 1949,South Carolina
146,18,21,0.08,1940,1940 - 1949,South Dakota
147,76,69,-0.05,1940,1940 - 1949,Tennessee
148,189,151,-0.11,1940,1940 - 1949,Texas
150,85,82,-0.02,1940,1940 - 1949,Utah
151,8,9,0.06,1940,1940 - 1949,Vermont
152,75,53,-0.17,1940,1940 - 1949,Virginia
153,57,105,0.3,1940,1940 - 1949,Washington
154,65,58,-0.06,1940,1940 - 1949,West Virginia
155,28,28,0.0,1940,1940 - 1949,Wisconsin
156,21,30,0.18,1940,1940 - 1949,Wyoming
158,1,1,0.0,1940,1940 - 1949,Dakota
101,3697,5048,0.15,1830,1830 - 1839,Alabama
102,19,24,0.12,1830,1830 - 1839,null
104,10,14,0.17,1830,1830 - 1839,Arizona
105,795,2325,0.49,1830,1830 - 1839,Arkansas
106,60,108,0.29,1830,1830 - 1839,California
107,48,65,0.15,1830,1830 - 1839,Colorado
108,1,0,-1.0,1830,1830 - 1839,null
109,834,549,-0.21,1830,1830 - 1839,Connecticut
110,276,248,-0.05,1830,1830 - 1839,Delaware
111,73,64,-0.07,1830,1830 - 1839,District of Columbia
112,260,462,0.28,1830,1830 - 1839,Florida
113,3319,3023,-0.05,1830,1830 - 1839,Georgia
115,1,0,-1.0,1830,1830 - 1839,null
116,12,10,-0.09,1830,1830 - 1839,Idaho
117,3354,8426,0.43,1830,1830 - 1839,Illinois
118,4705,9462,0.34,1830,1830 - 1839,Indiana
119,619,1821,0.49,1830,1830 - 1839,Iowa
120,94,108,0.07,1830,1830 - 1839,Kansas
121,7207,4073,-0.28,1830,1830 - 1839,Kentucky
122,422,628,0.2,1830,1830 - 1839,Louisiana
123,413,492,0.09,1830,1830 - 1839,Maine
124,837,495,-0.26,1830,1830 - 1839,Maryland
125,1274,918,-0.16,1830,1830 - 1839,Massachusetts
126,605,2858,0.65,1830,1830 - 1839,Michigan
127,49,61,0.11,1830,1830 - 1839,Minnesota
128,1253,3271,0.45,1830,1830 - 1839,Mississippi
129,2185,6864,0.52,1830,1830 - 1839,Missouri
130,30,45,0.2,1830,1830 - 1839,Montana
131,40,46,0.07,1830,1830 - 1839,Nebraska
132,1,3,0.5,1830,1830 - 1839,Nevada
133,615,445,-0.16,1830,1830 - 1839,New Hampshire
134,873,556,-0.22,1830,1830 - 1839,New Jersey
135,27,59,0.37,1830,1830 - 1839,New Mexico
136,6822,3720,-0.29,1830,1830 - 1839,New York
137,4878,1812,-0.46,1830,1830 - 1839,North Carolina
138,2,6,0.5,1830,1830 - 1839,North Dakota
139,8421,9420,0.06,1830,1830 - 1839,Ohio
140,100,222,0.38,1830,1830 - 1839,Oklahoma
141,61,84,0.16,1830,1830 - 1839,Oregon
142,4888,3366,-0.18,1830,1830 - 1839,Pennsylvania
143,18,21,0.08,1830,1830 - 1839,null
144,239,207,-0.07,1830,1830 - 1839,Rhode Island
145,3048,1041,-0.49,1830,1830 - 1839,South Carolina
146,3,6,0.33,1830,1830 - 1839,South Dakota
147,9030,5225,-0.27,1830,1830 - 1839,Tennessee
148,376,1569,0.61,1830,1830 - 1839,Texas
149,0,2,1.0,1830,1830 - 1839,null
150,31,64,0.35,1830,1830 - 1839,Utah
151,1238,788,-0.22,1830,1830 - 1839,Vermont
152,7386,4486,-0.24,1830,1830 - 1839,Virginia
153,84,95,0.06,1830,1830 - 1839,Washington
154,2817,2966,0.03,1830,1830 - 1839,West Virginia
155,175,653,0.58,1830,1830 - 1839,Wisconsin
156,3,8,0.45,1830,1830 - 1839,Wyoming
157,5,6,0.09,1830,1830 - 1839,Carolina
158,0,4,1.0,1830,1830 - 1839,Dakota
101,4987,4081,-0.1,1840,1840 - 1849,Alabama
102,43,63,0.19,1840,1840 - 1849,null
104,18,15,-0.09,1840,1840 - 1849,Arizona
105,1701,3802,0.38,1840,1840 - 1849,Arkansas
106,109,374,0.55,1840,1840 - 1849,California
107,80,84,0.02,1840,1840 - 1849,Colorado
109,623,555,-0.06,1840,1840 - 1849,Connecticut
110,303,282,-0.04,1840,1840 - 1849,Delaware
111,104,112,0.04,1840,1840 - 1849,District of Columbia
112,374,780,0.35,1840,1840 - 1849,Florida
113,3994,2990,-0.14,1840,1840 - 1849,Georgia
115,4,4,0.0,1840,1840 - 1849,null
116,22,33,0.2,1840,1840 - 1849,Idaho
117,6099,9103,0.2,1840,1840 - 1849,Illinois
118,6451,7083,0.05,1840,1840 - 1849,Indiana
119,2100,6387,0.51,1840,1840 - 1849,Iowa
120,163,234,0.18,1840,1840 - 1849,Kansas
121,5016,3825,-0.13,1840,1840 - 1849,Kentucky
122,702,1310,0.3,1840,1840 - 1849,Louisiana
123,539,509,-0.03,1840,1840 - 1849,Maine
124,718,558,-0.13,1840,1840 - 1849,Maryland
125,1191,1236,0.02,1840,1840 - 1849,Massachusetts
126,984,2712,0.47,1840,1840 - 1849,Michigan
127,67,174,0.44,1840,1840 - 1849,Minnesota
128,2568,3931,0.21,1840,1840 - 1849,Mississippi
129,4184,7888,0.31,1840,1840 - 1849,Missouri
130,71,71,0.0,1840,1840 - 1849,Montana
131,304,347,0.07,1840,1840 - 1849,Nebraska
132,9,10,0.05,1840,1840 - 1849,Nevada
133,534,477,-0.06,1840,1840 - 1849,New Hampshire
134,710,603,-0.08,1840,1840 - 1849,New Jersey
135,26,67,0.44,1840,1840 - 1849,New Mexico
136,5815,3392,-0.26,1840,1840 - 1849,New York
137,3215,1494,-0.37,1840,1840 - 1849,North Carolina
138,7,30,0.62,1840,1840 - 1849,North Dakota
139,9581,5987,-0.23,1840,1840 - 1849,Ohio
140,108,249,0.39,1840,1840 - 1849,Oklahoma
141,120,691,0.7,1840,1840 - 1849,Oregon
142,4390,3005,-0.19,1840,1840 - 1849,Pennsylvania
143,3,10,0.54,1840,1840 - 1849,null
144,262,243,-0.04,1840,1840 - 1849,Rhode Island
145,2039,832,-0.42,1840,1840 - 1849,South Carolina
146,8,7,-0.07,1840,1840 - 1849,South Dakota
147,7813,3998,-0.32,1840,1840 - 1849,Tennessee
148,745,3927,0.68,1840,1840 - 1849,Texas
149,0,1,1.0,1840,1840 - 1849,null
150,84,1048,0.85,1840,1840 - 1849,Utah
151,890,681,-0.13,1840,1840 - 1849,Vermont
152,6221,4772,-0.13,1840,1840 - 1849,Virginia
153,112,147,0.14,1840,1840 - 1849,Washington
154,3297,3581,0.04,1840,1840 - 1849,West Virginia
155,614,3256,0.68,1840,1840 - 1849,Wisconsin
156,37,57,0.21,1840,1840 - 1849,Wyoming
157,6,3,-0.33,1840,1840 - 1849,Carolina
158,4,15,0.58,1840,1840 - 1849,Dakota
101,4130,3347,-0.1,1850,1850 - 1859,Alabama
102,68,85,0.11,1850,1850 - 1859,null
104,26,52,0.33,1850,1850 - 1859,Arizona
105,2382,5082,0.36,1850,1850 - 1859,Arkansas
106,531,1965,0.57,1850,1850 - 1859,California
107,100,160,0.23,1850,1850 - 1859,Colorado
109,677,496,-0.15,1850,1850 - 1859,Connecticut
110,284,273,-0.02,1850,1850 - 1859,Delaware
111,116,136,0.08,1850,1850 - 1859,District of Columbia
112,466,825,0.28,1850,1850 - 1859,Florida
113,4274,2217,-0.32,1850,1850 - 1859,Georgia
115,6,8,0.14,1850,1850 - 1859,null
116,58,90,0.22,1850,1850 - 1859,Idaho
117,7303,10764,0.19,1850,1850 - 1859,Illinois
118,8149,6641,-0.1,1850,1850 - 1859,Indiana
119,4795,10821,0.39,1850,1850 - 1859,Iowa
120,469,2109,0.64,1850,1850 - 1859,Kansas
121,5090,3508,-0.18,1850,1850 - 1859,Kentucky
122,1051,1460,0.16,1850,1850 - 1859,Louisiana
123,646,468,-0.16,1850,1850 - 1859,Maine
124,732,508,-0.18,1850,1850 - 1859,Maryland
125,1430,1064,-0.15,1850,1850 - 1859,Massachusetts
126,1392,3606,0.44,1850,1850 - 1859,Michigan
127,344,2335,0.74,1850,1850 - 1859,Minnesota
128,2872,2277,-0.12,1850,1850 - 1859,Mississippi
129,5536,9334,0.26,1850,1850 - 1859,Missouri
130,70,107,0.21,1850,1850 - 1859,Montana
131,299,701,0.4,1850,1850 - 1859,Nebraska
132,75,84,0.06,1850,1850 - 1859,Nevada
133,533,447,-0.09,1850,1850 - 1859,New Hampshire
134,780,665,-0.08,1850,1850 - 1859,New Jersey
135,49,61,0.11,1850,1850 - 1859,New Mexico
136,5952,3100,-0.32,1850,1850 - 1859,New York
137,2434,1291,-0.31,1850,1850 - 1859,North Carolina
138,15,37,0.42,1850,1850 - 1859,North Dakota
139,11518,5288,-0.37,1850,1850 - 1859,Ohio
140,159,268,0.26,1850,1850 - 1859,Oklahoma
141,301,1157,0.59,1850,1850 - 1859,Oregon
142,4963,2765,-0.28,1850,1850 - 1859,Pennsylvania
143,12,12,0.0,1850,1850 - 1859,null
144,247,236,-0.02,1850,1850 - 1859,Rhode Island
145,1496,623,-0.41,1850,1850 - 1859,South Carolina
146,18,36,0.33,1850,1850 - 1859,South Dakota
147,7395,3229,-0.39,1850,1850 - 1859,Tennessee
148,1511,6562,0.63,1850,1850 - 1859,Texas
149,0,1,1.0,1850,1850 - 1859,null
150,488,2569,0.68,1850,1850 - 1859,Utah
151,891,625,-0.18,1850,1850 - 1859,Vermont
152,6486,4470,-0.18,1850,1850 - 1859,Virginia
153,146,310,0.36,1850,1850 - 1859,Washington
154,3580,4321,0.09,1850,1850 - 1859,West Virginia
155,1885,4827,0.44,1850,1850 - 1859,Wisconsin
156,103,104,0.0,1850,1850 - 1859,Wyoming
157,7,11,0.22,1850,1850 - 1859,Carolina
158,17,34,0.33,1850,1850 - 1859,Dakota
101,2209,3910,0.28,1820,1820 - 1829,Alabama
102,11,16,0.19,1820,1820 - 1829,
104,6,7,0.08,1820,1820 - 1829,Arizona
105,362,740,0.34,1820,1820 - 1829,Arkansas
106,49,88,0.28,1820,1820 - 1829,California
107,36,43,0.09,1820,1820 - 1829,Colorado
109,855,595,-0.18,1820,1820 - 1829,Connecticut
110,193,198,0.01,1820,1820 - 1829,Delaware
111,62,50,-0.11,1820,1820 - 1829,District of Columbia
112,132,308,0.4,1820,1820 - 1829,Florida
113,2319,2739,0.08,1820,1820 - 1829,Georgia
115,1,0,-1.0,1820,1820 - 1829,null
116,5,9,0.29,1820,1820 - 1829,Idaho
117,1328,3868,0.49,1820,1820 - 1829,Illinois
118,2745,6843,0.43,1820,1820 - 1829,Indiana
119,246,333,0.15,1820,1820 - 1829,Iowa
120,47,55,0.08,1820,1820 - 1829,Kansas
121,6719,4048,-0.25,1820,1820 - 1829,Kentucky
122,358,386,0.04,1820,1820 - 1829,Louisiana
123,297,434,0.19,1820,1820 - 1829,Maine
124,716,462,-0.22,1820,1820 - 1829,Maryland
125,1107,837,-0.14,1820,1820 - 1829,Massachusetts
126,251,682,0.46,1820,1820 - 1829,Michigan
127,33,35,0.03,1820,1820 - 1829,Minnesota
128,742,1103,0.2,1820,1820 - 1829,Mississippi
129,1280,2620,0.34,1820,1820 - 1829,Missouri
130,50,53,0.03,1820,1820 - 1829,Montana
131,18,28,0.22,1820,1820 - 1829,Nebraska
132,1,1,0.0,1820,1820 - 1829,Nevada
133,551,443,-0.11,1820,1820 - 1829,New Hampshire
134,676,459,-0.19,1820,1820 - 1829,New Jersey
135,15,50,0.54,1820,1820 - 1829,New Mexico
136,2970,3370,0.06,1820,1820 - 1829,New York
137,4941,2249,-0.37,1820,1820 - 1829,North Carolina
138,7,17,0.42,1820,1820 - 1829,North Dakota
139,4721,6563,0.16,1820,1820 - 1829,Ohio
140,72,95,0.14,1820,1820 - 1829,Oklahoma
141,57,58,0.01,1820,1820 - 1829,Oregon
142,3580,2646,-0.15,1820,1820 - 1829,Pennsylvania
143,19,30,0.22,1820,1820 - 1829,null
144,271,191,-0.17,1820,1820 - 1829,Rhode Island
145,3313,1340,-0.42,1820,1820 - 1829,South Carolina
146,1,0,-1.0,1820,1820 - 1829,South Dakota
147,5696,5715,0.0,1820,1820 - 1829,Tennessee
148,204,433,0.36,1820,1820 - 1829,Texas
149,3,3,0.0,1820,1820 - 1829,null
150,16,15,-0.03,1820,1820 - 1829,Utah
151,1088,799,-0.15,1820,1820 - 1829,Vermont
152,6433,4186,-0.21,1820,1820 - 1829,Virginia
153,70,74,0.03,1820,1820 - 1829,Washington
154,2363,2385,0.0,1820,1820 - 1829,West Virginia
155,73,145,0.33,1820,1820 - 1829,Wisconsin
156,2,1,-0.33,1820,1820 - 1829,Wyoming
157,7,5,-0.17,1820,1820 - 1829,Carolina
158,1,1,0.0,1820,1820 - 1829,Dakota
101,30,31,0.02,1950,1950 - 1959,Alabama
102,6,13,0.37,1950,1950 - 1959,null
103,1,0,-1.0,1950,1950 - 1959,null
104,37,51,0.16,1950,1950 - 1959,Arizona
105,28,20,-0.17,1950,1950 - 1959,Arkansas
106,141,217,0.21,1950,1950 - 1959,California
107,34,38,0.06,1950,1950 - 1959,Colorado
109,13,12,-0.04,1950,1950 - 1959,Connecticut
110,9,15,0.25,1950,1950 - 1959,Delaware
111,21,17,-0.11,1950,1950 - 1959,District of Columbia
112,26,54,0.35,1950,1950 - 1959,Florida
113,31,34,0.05,1950,1950 - 1959,Georgia
114,0,2,1.0,1950,1950 - 1959,null
115,3,7,0.4,1950,1950 - 1959,null
116,35,35,0.0,1950,1950 - 1959,Idaho
117,46,70,0.21,1950,1950 - 1959,Illinois
118,46,52,0.06,1950,1950 - 1959,Indiana
119,50,35,-0.18,1950,1950 - 1959,Iowa
120,58,61,0.03,1950,1950 - 1959,Kansas
121,57,41,-0.16,1950,1950 - 1959,Kentucky
122,23,24,0.02,1950,1950 - 1959,Louisiana
123,5,14,0.47,1950,1950 - 1959,Maine
124,22,22,0.0,1950,1950 - 1959,Maryland
125,20,18,-0.05,1950,1950 - 1959,Massachusetts
126,41,52,0.12,1950,1950 - 1959,Michigan
127,27,26,-0.02,1950,1950 - 1959,Minnesota
128,27,16,-0.26,1950,1950 - 1959,Mississippi
129,46,48,0.02,1950,1950 - 1959,Missouri
130,16,21,0.14,1950,1950 - 1959,Montana
131,22,26,0.08,1950,1950 - 1959,Nebraska
132,12,5,-0.41,1950,1950 - 1959,Nevada
133,5,11,0.38,1950,1950 - 1959,New Hampshire
134,11,22,0.33,1950,1950 - 1959,New Jersey
135,32,37,0.07,1950,1950 - 1959,New Mexico
136,35,26,-0.15,1950,1950 - 1959,New York
137,26,29,0.05,1950,1950 - 1959,North Carolina
138,9,13,0.18,1950,1950 - 1959,North Dakota
139,66,79,0.09,1950,1950 - 1959,Ohio
140,62,34,-0.29,1950,1950 - 1959,Oklahoma
141,40,38,-0.03,1950,1950 - 1959,Oregon
142,44,34,-0.13,1950,1950 - 1959,Pennsylvania
143,2,4,0.33,1950,1950 - 1959,null
144,4,5,0.11,1950,1950 - 1959,Rhode Island
145,19,12,-0.23,1950,1950 - 1959,South Carolina
146,23,11,-0.35,1950,1950 - 1959,South Dakota
147,48,29,-0.25,1950,1950 - 1959,Tennessee
148,110,109,0.0,1950,1950 - 1959,Texas
150,71,71,0.0,1950,1950 - 1959,Utah
151,5,5,0.0,1950,1950 - 1959,Vermont
152,46,38,-0.1,1950,1950 - 1959,Virginia
153,47,52,0.05,1950,1950 - 1959,Washington
154,35,17,-0.35,1950,1950 - 1959,West Virginia
155,20,13,-0.21,1950,1950 - 1959,Wisconsin
156,22,20,-0.05,1950,1950 - 1959,Wyoming
157,0,1,1.0,1950,1950 - 1959,Carolina
158,2,0,-1.0,1950,1950 - 1959,Dakota
101,855,687,-0.11,1920,1920 - 1929,Alabama
102,35,31,-0.06,1920,1920 - 1929,null
103,1,0,-1.0,1920,1920 - 1929,null
104,514,566,0.05,1920,1920 - 1929,Arizona
105,1842,1241,-0.19,1920,1920 - 1929,Arkansas
106,997,3131,0.52,1920,1920 - 1929,California
107,1176,1172,0.0,1920,1920 - 1929,Colorado
109,169,174,0.01,1920,1920 - 1929,Connecticut
110,97,97,0.0,1920,1920 - 1929,Delaware
111,175,150,-0.08,1920,1920 - 1929,District of Columbia
112,465,929,0.33,1920,1920 - 1929,Florida
113,883,560,-0.22,1920,1920 - 1929,Georgia
114,1,1,0.0,1920,1920 - 1929,null
115,18,36,0.33,1920,1920 - 1929,null
116,1225,1017,-0.09,1920,1920 - 1929,Idaho
117,1499,1749,0.08,1920,1920 - 1929,Illinois
118,1239,1411,0.06,1920,1920 - 1929,Indiana
119,1400,1162,-0.09,1920,1920 - 1929,Iowa
120,1827,1733,-0.03,1920,1920 - 1929,Kansas
121,1614,1123,-0.18,1920,1920 - 1929,Kentucky
122,535,482,-0.05,1920,1920 - 1929,Louisiana
123,138,191,0.16,1920,1920 - 1929,Maine
124,310,372,0.09,1920,1920 - 1929,Maryland
125,355,439,0.11,1920,1920 - 1929,Massachusetts
126,822,1364,0.25,1920,1920 - 1929,Michigan
127,840,842,0.0,1920,1920 - 1929,Minnesota
128,471,407,-0.07,1920,1920 - 1929,Mississippi
129,2223,1800,-0.11,1920,1920 - 1929,Missouri
130,583,488,-0.09,1920,1920 - 1929,Montana
131,1001,797,-0.11,1920,1920 - 1929,Nebraska
132,158,178,0.06,1920,1920 - 1929,Nevada
133,131,125,-0.02,1920,1920 - 1929,New Hampshire
134,227,368,0.24,1920,1920 - 1929,New Jersey
135,550,548,0.0,1920,1920 - 1929,New Mexico
136,638,805,0.12,1920,1920 - 1929,New York
137,754,777,0.02,1920,1920 - 1929,North Carolina
138,597,377,-0.23,1920,1920 - 1929,North Dakota
139,1456,2013,0.16,1920,1920 - 1929,Ohio
140,3165,2860,-0.05,1920,1920 - 1929,Oklahoma
141,668,954,0.18,1920,1920 - 1929,Oregon
142,991,867,-0.07,1920,1920 - 1929,Pennsylvania
143,1,7,0.75,1920,1920 - 1929,null
144,60,73,0.1,1920,1920 - 1929,Rhode Island
145,391,323,-0.1,1920,1920 - 1929,South Carolina
146,634,492,-0.13,1920,1920 - 1929,South Dakota
147,1146,975,-0.08,1920,1920 - 1929,Tennessee
148,2054,2573,0.11,1920,1920 - 1929,Texas
149,1,0,-1.0,1920,1920 - 1929,null
150,1000,946,-0.03,1920,1920 - 1929,Utah
151,120,130,0.04,1920,1920 - 1929,Vermont
152,890,728,-0.1,1920,1920 - 1929,Virginia
153,699,1077,0.21,1920,1920 - 1929,Washington
154,976,873,-0.06,1920,1920 - 1929,West Virginia
155,616,658,0.03,1920,1920 - 1929,Wisconsin
156,483,458,-0.03,1920,1920 - 1929,Wyoming
158,42,28,-0.2,1920,1920 - 1929,Dakota
101,2133,1372,-0.22,1890,1890 - 1899,Alabama
102,115,98,-0.08,1890,1890 - 1899,
103,0,1,1.0,1890,1890 - 1899,null
104,365,555,0.21,1890,1890 - 1899,Arizona
105,3718,2876,-0.13,1890,1890 - 1899,Arkansas
106,832,1591,0.31,1890,1890 - 1899,California
107,1159,1545,0.14,1890,1890 - 1899,Colorado
108,1,1,0.0,1890,1890 - 1899,null
109,255,324,0.12,1890,1890 - 1899,Connecticut
110,173,210,0.1,1890,1890 - 1899,Delaware
111,152,157,0.02,1890,1890 - 1899,District of Columbia
112,347,461,0.14,1890,1890 - 1899,Florida
113,1444,953,-0.2,1890,1890 - 1899,Georgia
115,13,25,0.32,1890,1890 - 1899,null
116,1014,2035,0.33,1890,1890 - 1899,Idaho
117,3805,3548,-0.03,1890,1890 - 1899,Illinois
118,2543,2494,-0.01,1890,1890 - 1899,Indiana
119,3856,3422,-0.06,1890,1890 - 1899,Iowa
120,5941,3956,-0.2,1890,1890 - 1899,Kansas
121,2170,1606,-0.15,1890,1890 - 1899,Kentucky
122,607,734,0.09,1890,1890 - 1899,Louisiana
123,294,374,0.12,1890,1890 - 1899,Maine
124,417,444,0.03,1890,1890 - 1899,Maryland
125,646,1093,0.26,1890,1890 - 1899,Massachusetts
126,1237,1662,0.15,1890,1890 - 1899,Michigan
127,1423,1768,0.11,1890,1890 - 1899,Minnesota
128,1191,726,-0.24,1890,1890 - 1899,Mississippi
129,5898,5111,-0.07,1890,1890 - 1899,Missouri
130,405,684,0.26,1890,1890 - 1899,Montana
131,3464,2474,-0.17,1890,1890 - 1899,Nebraska
132,133,187,0.17,1890,1890 - 1899,Nevada
133,202,298,0.19,1890,1890 - 1899,New Hampshire
134,391,599,0.21,1890,1890 - 1899,New Jersey
135,355,444,0.11,1890,1890 - 1899,New Mexico
136,1313,1650,0.11,1890,1890 - 1899,New York
137,1128,835,-0.15,1890,1890 - 1899,North Carolina
138,498,1115,0.38,1890,1890 - 1899,North Dakota
139,2504,2449,-0.01,1890,1890 - 1899,Ohio
140,2573,8815,0.55,1890,1890 - 1899,Oklahoma
141,900,1401,0.22,1890,1890 - 1899,Oregon
142,1786,1682,-0.03,1890,1890 - 1899,Pennsylvania
143,5,7,0.17,1890,1890 - 1899,null
144,139,241,0.27,1890,1890 - 1899,Rhode Island
145,505,467,-0.04,1890,1890 - 1899,South Carolina
146,1312,1228,-0.03,1890,1890 - 1899,South Dakota
147,2476,1712,-0.18,1890,1890 - 1899,Tennessee
148,4463,6206,0.16,1890,1890 - 1899,Texas
149,1,2,0.33,1890,1890 - 1899,null
150,1840,1487,-0.11,1890,1890 - 1899,Utah
151,263,289,0.05,1890,1890 - 1899,Vermont
152,1369,1226,-0.06,1890,1890 - 1899,Virginia
153,1027,1682,0.24,1890,1890 - 1899,Washington
154,1296,1399,0.04,1890,1890 - 1899,West Virginia
155,1261,1420,0.06,1890,1890 - 1899,Wisconsin
156,424,627,0.19,1890,1890 - 1899,Wyoming
157,2,1,-0.33,1890,1890 - 1899,Carolina
158,183,115,-0.23,1890,1890 - 1899,Dakota
101,1657,1234,-0.15,1900,1900 - 1909,Alabama
102,94,106,0.06,1900,1900 - 1909,null
104,397,521,0.14,1900,1900 - 1909,Arizona
105,3435,2652,-0.13,1900,1900 - 1909,Arkansas
106,893,2540,0.48,1900,1900 - 1909,California
107,1313,2033,0.22,1900,1900 - 1909,Colorado
109,210,300,0.18,1900,1900 - 1909,Connecticut
110,174,136,-0.12,1900,1900 - 1909,Delaware
111,154,166,0.04,1900,1900 - 1909,District of Columbia
112,356,630,0.28,1900,1900 - 1909,Florida
113,1257,975,-0.13,1900,1900 - 1909,Georgia
114,2,1,-0.33,1900,1900 - 1909,null
115,11,9,-0.1,1900,1900 - 1909,null
116,1182,2559,0.37,1900,1900 - 1909,Idaho
117,3857,2841,-0.15,1900,1900 - 1909,Illinois
118,2804,2108,-0.14,1900,1900 - 1909,Indiana
119,4240,2459,-0.27,1900,1900 - 1909,Iowa
120,4071,3838,-0.03,1900,1900 - 1909,Kansas
121,2555,1445,-0.28,1900,1900 - 1909,Kentucky
122,735,825,0.06,1900,1900 - 1909,Louisiana
123,241,315,0.13,1900,1900 - 1909,Maine
124,420,474,0.06,1900,1900 - 1909,Maryland
125,626,832,0.14,1900,1900 - 1909,Massachusetts
126,1386,1753,0.12,1900,1900 - 1909,Michigan
127,1732,1675,-0.02,1900,1900 - 1909,Minnesota
128,861,743,-0.07,1900,1900 - 1909,Mississippi
129,5794,3811,-0.21,1900,1900 - 1909,Missouri
130,476,951,0.33,1900,1900 - 1909,Montana
131,2288,2041,-0.06,1900,1900 - 1909,Nebraska
132,177,238,0.15,1900,1900 - 1909,Nevada
133,232,279,0.09,1900,1900 - 1909,New Hampshire
134,361,591,0.24,1900,1900 - 1909,New Jersey
135,495,1192,0.41,1900,1900 - 1909,New Mexico
136,1156,1372,0.09,1900,1900 - 1909,New York
137,1115,837,-0.14,1900,1900 - 1909,North Carolina
138,794,1709,0.37,1900,1900 - 1909,North Dakota
139,2534,2462,-0.01,1900,1900 - 1909,Ohio
140,4836,10268,0.36,1900,1900 - 1909,Oklahoma
141,889,1677,0.31,1900,1900 - 1909,Oregon
142,1857,1562,-0.09,1900,1900 - 1909,Pennsylvania
143,6,6,0.0,1900,1900 - 1909,null
144,130,204,0.22,1900,1900 - 1909,Rhode Island
145,490,439,-0.05,1900,1900 - 1909,South Carolina
146,1028,1592,0.22,1900,1900 - 1909,South Dakota
147,2340,1589,-0.19,1900,1900 - 1909,Tennessee
148,5061,5081,0.0,1900,1900 - 1909,Texas
149,1,0,-1.0,1900,1900 - 1909,null
150,1851,1405,-0.14,1900,1900 - 1909,Utah
151,249,249,0.0,1900,1900 - 1909,Vermont
152,1357,1148,-0.08,1900,1900 - 1909,Virginia
153,1075,2831,0.45,1900,1900 - 1909,Washington
154,1535,1394,-0.05,1900,1900 - 1909,West Virginia
155,1302,1110,-0.08,1900,1900 - 1909,Wisconsin
156,499,728,0.19,1900,1900 - 1909,Wyoming
157,0,3,1.0,1900,1900 - 1909,Carolina
158,103,125,0.1,1900,1900 - 1909,Dakota
101,469,855,0.29,1800,1800 - 1809,Alabama
105,56,96,0.26,1800,1800 - 1809,Arkansas
106,20,54,0.46,1800,1800 - 1809,California
107,26,25,-0.02,1800,1800 - 1809,Colorado
109,1745,899,-0.32,1800,1800 - 1809,Connecticut
110,176,150,-0.08,1800,1800 - 1809,Delaware
111,46,45,-0.01,1800,1800 - 1809,District of Columbia
112,41,55,0.15,1800,1800 - 1809,Florida
113,1922,2248,0.08,1800,1800 - 1809,Georgia
116,2,5,0.43,1800,1800 - 1809,Idaho
117,349,692,0.33,1800,1800 - 1809,Illinois
118,825,1589,0.32,1800,1800 - 1809,Indiana
119,51,66,0.13,1800,1800 - 1809,Iowa
120,15,24,0.23,1800,1800 - 1809,Kansas
121,4509,6551,0.18,1800,1800 - 1809,Kentucky
122,123,351,0.48,1800,1800 - 1809,Louisiana
123,366,570,0.22,1800,1800 - 1809,Maine
124,1426,759,-0.31,1800,1800 - 1809,Maryland
125,1932,1257,-0.21,1800,1800 - 1809,Massachusetts
126,50,102,0.34,1800,1800 - 1809,Michigan
127,9,16,0.28,1800,1800 - 1809,Minnesota
128,241,504,0.35,1800,1800 - 1809,Mississippi
129,347,664,0.31,1800,1800 - 1809,Missouri
130,45,38,-0.08,1800,1800 - 1809,Montana
131,8,9,0.06,1800,1800 - 1809,Nebraska
132,2,2,0.0,1800,1800 - 1809,Nevada
133,776,599,-0.13,1800,1800 - 1809,New Hampshire
134,988,568,-0.27,1800,1800 - 1809,New Jersey
135,13,46,0.56,1800,1800 - 1809,New Mexico
136,2034,3878,0.31,1800,1800 - 1809,New York
137,6344,3294,-0.32,1800,1800 - 1809,North Carolina
138,7,5,-0.17,1800,1800 - 1809,North Dakota
139,2013,6610,0.53,1800,1800 - 1809,Ohio
140,56,62,0.05,1800,1800 - 1809,Oklahoma
141,38,40,0.03,1800,1800 - 1809,Oregon
142,3509,2578,-0.15,1800,1800 - 1809,Pennsylvania
143,53,39,-0.15,1800,1800 - 1809,null
144,476,265,-0.28,1800,1800 - 1809,Rhode Island
145,3649,2030,-0.29,1800,1800 - 1809,South Carolina
146,3,4,0.14,1800,1800 - 1809,South Dakota
147,3494,6235,0.28,1800,1800 - 1809,Tennessee
148,70,72,0.01,1800,1800 - 1809,Texas
149,2,3,0.2,1800,1800 - 1809,null
150,3,5,0.25,1800,1800 - 1809,Utah
151,1369,1359,0.0,1800,1800 - 1809,Vermont
152,9004,5080,-0.28,1800,1800 - 1809,Virginia
153,48,53,0.05,1800,1800 - 1809,Washington
154,1892,1927,0.01,1800,1800 - 1809,West Virginia
155,17,24,0.17,1800,1800 - 1809,Wisconsin
156,2,1,-0.33,1800,1800 - 1809,Wyoming
157,13,11,-0.08,1800,1800 - 1809,Carolina
158,1,4,0.6,1800,1800 - 1809,Dakota
101,2823,1878,-0.2,1870,1870 - 1879,Alabama
102,75,97,0.13,1870,1870 - 1879,null
104,116,442,0.58,1870,1870 - 1879,Arizona
105,3243,4490,0.16,1870,1870 - 1879,Arkansas
106,905,1670,0.3,1870,1870 - 1879,California
107,358,954,0.45,1870,1870 - 1879,Colorado
108,2,1,-0.33,1870,1870 - 1879,null
109,399,427,0.03,1870,1870 - 1879,Connecticut
110,232,222,-0.02,1870,1870 - 1879,Delaware
111,144,178,0.11,1870,1870 - 1879,District of Columbia
112,384,577,0.2,1870,1870 - 1879,Florida
113,2474,1368,-0.29,1870,1870 - 1879,Georgia
115,20,5,-0.6,1870,1870 - 1879,null
116,462,826,0.28,1870,1870 - 1879,Idaho
117,9434,5690,-0.25,1870,1870 - 1879,Illinois
118,5547,3584,-0.21,1870,1870 - 1879,Indiana
119,6913,6616,-0.02,1870,1870 - 1879,Iowa
120,3548,10155,0.48,1870,1870 - 1879,Kansas
121,3342,2360,-0.17,1870,1870 - 1879,Kentucky
122,901,894,0.0,1870,1870 - 1879,Louisiana
123,488,426,-0.07,1870,1870 - 1879,Maine
124,592,539,-0.05,1870,1870 - 1879,Maryland
125,955,1233,0.13,1870,1870 - 1879,Massachusetts
126,1714,2987,0.27,1870,1870 - 1879,Michigan
127,1282,2357,0.3,1870,1870 - 1879,Minnesota
128,2076,1212,-0.26,1870,1870 - 1879,Mississippi
129,7472,7638,0.01,1870,1870 - 1879,Missouri
130,158,278,0.28,1870,1870 - 1879,Montana
131,1373,4169,0.5,1870,1870 - 1879,Nebraska
132,369,252,-0.19,1870,1870 - 1879,Nevada
133,310,351,0.06,1870,1870 - 1879,New Hampshire
134,609,678,0.05,1870,1870 - 1879,New Jersey
135,79,144,0.29,1870,1870 - 1879,New Mexico
136,2667,2064,-0.13,1870,1870 - 1879,New York
137,1349,1067,-0.12,1870,1870 - 1879,North Carolina
138,54,210,0.59,1870,1870 - 1879,North Dakota
139,5603,3592,-0.22,1870,1870 - 1879,Ohio
140,433,843,0.32,1870,1870 - 1879,Oklahoma
141,741,1245,0.25,1870,1870 - 1879,Oregon
142,3101,2248,-0.16,1870,1870 - 1879,Pennsylvania
143,4,5,0.11,1870,1870 - 1879,null
144,215,300,0.17,1870,1870 - 1879,Rhode Island
145,663,501,-0.14,1870,1870 - 1879,South Carolina
146,153,826,0.69,1870,1870 - 1879,South Dakota
147,4003,2470,-0.24,1870,1870 - 1879,Tennessee
148,2231,7715,0.55,1870,1870 - 1879,Texas
149,1,1,0.0,1870,1870 - 1879,null
150,1168,1435,0.1,1870,1870 - 1879,Utah
151,414,419,0.01,1870,1870 - 1879,Vermont
152,2405,1843,-0.13,1870,1870 - 1879,Virginia
153,366,950,0.44,1870,1870 - 1879,Washington
154,1865,2278,0.1,1870,1870 - 1879,West Virginia
155,2617,1933,-0.15,1870,1870 - 1879,Wisconsin
156,129,180,0.17,1870,1870 - 1879,Wyoming
157,3,4,0.14,1870,1870 - 1879,Carolina
158,145,282,0.32,1870,1870 - 1879,Dakota
101,2675,1830,-0.19,1860,1860 - 1869,Alabama
102,54,68,0.11,1860,1860 - 1869,null
103,1,1,0.0,1860,1860 - 1869,null
104,57,62,0.04,1860,1860 - 1869,Arizona
105,2594,3569,0.16,1860,1860 - 1869,Arkansas
106,757,1576,0.35,1860,1860 - 1869,California
107,216,387,0.28,1860,1860 - 1869,Colorado
108,2,4,0.33,1860,1860 - 1869,null
109,457,469,0.01,1860,1860 - 1869,Connecticut
110,264,240,-0.05,1860,1860 - 1869,Delaware
111,165,191,0.07,1860,1860 - 1869,District of Columbia
112,357,544,0.21,1860,1860 - 1869,Florida
113,2431,1502,-0.24,1860,1860 - 1869,Georgia
114,1,0,-1.0,1860,1860 - 1869,null
115,0,11,1.0,1860,1860 - 1869,null
116,276,614,0.38,1860,1860 - 1869,Idaho
117,8675,8877,0.01,1860,1860 - 1869,Illinois
118,6370,5403,-0.08,1860,1860 - 1869,Indiana
119,5255,8291,0.22,1860,1860 - 1869,Iowa
120,1626,4401,0.46,1860,1860 - 1869,Kansas
121,3531,3049,-0.07,1860,1860 - 1869,Kentucky
122,805,979,0.1,1860,1860 - 1869,Louisiana
123,555,458,-0.1,1860,1860 - 1869,Maine
124,644,581,-0.05,1860,1860 - 1869,Maryland
125,985,1169,0.09,1860,1860 - 1869,Massachusetts
126,1544,4065,0.45,1860,1860 - 1869,Michigan
127,877,2826,0.53,1860,1860 - 1869,Minnesota
128,1809,1379,-0.13,1860,1860 - 1869,Mississippi
129,6188,8915,0.18,1860,1860 - 1869,Missouri
130,165,273,0.25,1860,1860 - 1869,Montana
131,704,1686,0.41,1860,1860 - 1869,Nebraska
132,199,412,0.35,1860,1860 - 1869,Nevada
133,406,390,-0.02,1860,1860 - 1869,New Hampshire
134,580,756,0.13,1860,1860 - 1869,New Jersey
135,66,65,-0.01,1860,1860 - 1869,New Mexico
136,4076,2557,-0.23,1860,1860 - 1869,New York
137,1590,1019,-0.22,1860,1860 - 1869,North Carolina
138,29,55,0.31,1860,1860 - 1869,North Dakota
139,8175,4573,-0.28,1860,1860 - 1869,Ohio
140,214,300,0.17,1860,1860 - 1869,Oklahoma
141,594,1004,0.26,1860,1860 - 1869,Oregon
142,3956,2596,-0.21,1860,1860 - 1869,Pennsylvania
143,4,5,0.11,1860,1860 - 1869,null
144,213,209,-0.01,1860,1860 - 1869,Rhode Island
145,792,487,-0.24,1860,1860 - 1869,South Carolina
146,50,98,0.32,1860,1860 - 1869,South Dakota
147,4024,3016,-0.14,1860,1860 - 1869,Tennessee
148,1817,4038,0.38,1860,1860 - 1869,Texas
149,1,1,0.0,1860,1860 - 1869,null
150,1045,1732,0.25,1860,1860 - 1869,Utah
151,613,526,-0.08,1860,1860 - 1869,Vermont
152,7456,2481,-0.5,1860,1860 - 1869,Virginia
153,283,536,0.31,1860,1860 - 1869,Washington
154,2345,6464,0.47,1860,1860 - 1869,West Virginia
155,2862,3033,0.03,1860,1860 - 1869,Wisconsin
156,77,99,0.12,1860,1860 - 1869,Wyoming
157,5,4,-0.11,1860,1860 - 1869,Carolina
158,41,81,0.33,1860,1860 - 1869,Dakota
101,1024,3267,0.52,1810,1810 - 1819,Alabama
102,3,5,0.25,1810,1810 - 1819,null
104,1,1,0.0,1810,1810 - 1819,Arizona
105,138,324,0.4,1810,1810 - 1819,Arkansas
106,30,72,0.41,1810,1810 - 1819,California
107,38,34,-0.06,1810,1810 - 1819,Colorado
109,1292,655,-0.33,1810,1810 - 1819,Connecticut
110,184,135,-0.15,1810,1810 - 1819,Delaware
111,47,48,0.01,1810,1810 - 1819,District of Columbia
112,60,91,0.21,1810,1810 - 1819,Florida
113,2461,2218,-0.05,1810,1810 - 1819,Georgia
116,4,6,0.2,1810,1810 - 1819,Idaho
117,785,1858,0.41,1810,1810 - 1819,Illinois
118,1654,4624,0.47,1810,1810 - 1819,Indiana
119,105,142,0.15,1810,1810 - 1819,Iowa
120,26,21,-0.11,1810,1810 - 1819,Kansas
121,6000,5195,-0.07,1810,1810 - 1819,Kentucky
122,223,436,0.32,1810,1810 - 1819,Louisiana
123,440,431,-0.01,1810,1810 - 1819,Maine
124,1044,480,-0.37,1810,1810 - 1819,Maryland
125,1577,976,-0.24,1810,1810 - 1819,Massachusetts
126,126,208,0.25,1810,1810 - 1819,Michigan
127,24,27,0.06,1810,1810 - 1819,Minnesota
128,502,1110,0.38,1810,1810 - 1819,Mississippi
129,656,1733,0.45,1810,1810 - 1819,Missouri
130,47,52,0.05,1810,1810 - 1819,Montana
131,13,13,0.0,1810,1810 - 1819,Nebraska
132,2,2,0.0,1810,1810 - 1819,Nevada
133,635,500,-0.12,1810,1810 - 1819,New Hampshire
134,893,509,-0.27,1810,1810 - 1819,New Jersey
135,16,28,0.27,1810,1810 - 1819,New Mexico
136,2939,3679,0.11,1810,1810 - 1819,New York
137,5430,2633,-0.35,1810,1810 - 1819,North Carolina
138,3,3,0.0,1810,1810 - 1819,North Dakota
139,3345,8009,0.41,1810,1810 - 1819,Ohio
140,84,87,0.02,1810,1810 - 1819,Oklahoma
141,49,43,-0.07,1810,1810 - 1819,Oregon
142,3891,2747,-0.17,1810,1810 - 1819,Pennsylvania
143,26,29,0.05,1810,1810 - 1819,null
144,322,212,-0.21,1810,1810 - 1819,Rhode Island
145,3328,1582,-0.36,1810,1810 - 1819,South Carolina
146,4,7,0.27,1810,1810 - 1819,South Dakota
147,5191,5962,0.07,1810,1810 - 1819,Tennessee
148,97,132,0.15,1810,1810 - 1819,Texas
149,3,2,-0.2,1810,1810 - 1819,null
150,5,9,0.29,1810,1810 - 1819,Utah
151,1424,928,-0.21,1810,1810 - 1819,Vermont
152,7615,4390,-0.27,1810,1810 - 1819,Virginia
153,42,50,0.09,1810,1810 - 1819,Washington
154,2057,2090,0.01,1810,1810 - 1819,West Virginia
155,32,63,0.33,1810,1810 - 1819,Wisconsin
156,3,2,-0.2,1810,1810 - 1819,Wyoming
157,13,9,-0.18,1810,1810 - 1819,Carolina
158,1,2,0.33,1810,1810 - 1819,Dakota
101,13,8,-0.24,1960,1960 - 1969,Alabama
102,2,3,0.2,1960,1960 - 1969,null
104,9,10,0.05,1960,1960 - 1969,Arizona
105,10,7,-0.18,1960,1960 - 1969,Arkansas
106,39,58,0.2,1960,1960 - 1969,California
107,16,13,-0.1,1960,1960 - 1969,Colorado
109,9,2,-0.64,1960,1960 - 1969,Connecticut
110,2,3,0.2,1960,1960 - 1969,Delaware
111,12,6,-0.33,1960,1960 - 1969,District of Columbia
112,18,29,0.23,1960,1960 - 1969,Florida
113,7,17,0.42,1960,1960 - 1969,Georgia
114,1,1,0.0,1960,1960 - 1969,null
115,3,2,-0.2,1960,1960 - 1969,null
116,9,9,0.0,1960,1960 - 1969,Idaho
117,21,26,0.11,1960,1960 - 1969,Illinois
118,17,14,-0.1,1960,1960 - 1969,Indiana
119,9,12,0.14,1960,1960 - 1969,Iowa
120,14,15,0.03,1960,1960 - 1969,Kansas
121,13,11,-0.08,1960,1960 - 1969,Kentucky
122,13,10,-0.13,1960,1960 - 1969,Louisiana
123,3,6,0.33,1960,1960 - 1969,Maine
124,4,6,0.2,1960,1960 - 1969,Maryland
125,6,9,0.2,1960,1960 - 1969,Massachusetts
126,8,11,0.16,1960,1960 - 1969,Michigan
127,5,9,0.29,1960,1960 - 1969,Minnesota
128,4,4,0.0,1960,1960 - 1969,Mississippi
129,13,12,-0.04,1960,1960 - 1969,Missouri
130,4,3,-0.14,1960,1960 - 1969,Montana
131,10,8,-0.11,1960,1960 - 1969,Nebraska
132,6,8,0.14,1960,1960 - 1969,Nevada
133,1,1,0.0,1960,1960 - 1969,New Hampshire
134,11,11,0.0,1960,1960 - 1969,New Jersey
135,3,9,0.5,1960,1960 - 1969,New Mexico
136,13,13,0.0,1960,1960 - 1969,New York
137,9,6,-0.2,1960,1960 - 1969,North Carolina
138,1,7,0.75,1960,1960 - 1969,North Dakota
139,16,22,0.16,1960,1960 - 1969,Ohio
140,17,13,-0.13,1960,1960 - 1969,Oklahoma
141,4,6,0.2,1960,1960 - 1969,Oregon
142,13,11,-0.08,1960,1960 - 1969,Pennsylvania
143,1,0,-1.0,1960,1960 - 1969,null
144,2,2,0.0,1960,1960 - 1969,Rhode Island
145,2,5,0.43,1960,1960 - 1969,South Carolina
146,2,3,0.2,1960,1960 - 1969,South Dakota
147,11,20,0.29,1960,1960 - 1969,Tennessee
148,40,38,-0.03,1960,1960 - 1969,Texas
150,24,14,-0.26,1960,1960 - 1969,Utah
151,0,1,1.0,1960,1960 - 1969,Vermont
152,8,11,0.16,1960,1960 - 1969,Virginia
153,11,19,0.27,1960,1960 - 1969,Washington
154,13,6,-0.37,1960,1960 - 1969,West Virginia
155,8,7,-0.07,1960,1960 - 1969,Wisconsin
156,6,3,-0.33,1960,1960 - 1969,Wyoming
101,1289,1036,-0.11,1910,1910 - 1919,Alabama
102,95,62,-0.21,1910,1910 - 1919,
103,1,2,0.33,1910,1910 - 1919,
104,463,908,0.32,1910,1910 - 1919,Arizona
105,2915,2379,-0.1,1910,1910 - 1919,Arkansas
106,1229,2777,0.39,1910,1910 - 1919,California
107,1552,2141,0.16,1910,1910 - 1919,Colorado
108,1,0,-1.0,1910,1910 - 1919,null
109,173,278,0.23,1910,1910 - 1919,Connecticut
110,134,146,0.04,1910,1910 - 1919,Delaware
111,206,215,0.02,1910,1910 - 1919,District of Columbia
112,513,783,0.21,1910,1910 - 1919,Florida
113,969,929,-0.02,1910,1910 - 1919,Georgia
115,25,22,-0.06,1910,1910 - 1919,
116,1527,2338,0.21,1910,1910 - 1919,Idaho
117,2865,2651,-0.04,1910,1910 - 1919,Illinois
118,2215,2114,-0.02,1910,1910 - 1919,Indiana
119,2695,2412,-0.06,1910,1910 - 1919,Iowa
120,3414,2991,-0.07,1910,1910 - 1919,Kansas
121,2280,1593,-0.18,1910,1910 - 1919,Kentucky
122,736,806,0.05,1910,1910 - 1919,Louisiana
123,191,249,0.13,1910,1910 - 1919,Maine
124,404,489,0.1,1910,1910 - 1919,Maryland
125,542,654,0.09,1910,1910 - 1919,Massachusetts
126,1207,1785,0.19,1910,1910 - 1919,Michigan
127,1428,1832,0.12,1910,1910 - 1919,Minnesota
128,851,576,-0.19,1910,1910 - 1919,Mississippi
129,4403,3147,-0.17,1910,1910 - 1919,Missouri
130,836,1539,0.3,1910,1910 - 1919,Montana
131,1828,1516,-0.09,1910,1910 - 1919,Nebraska
132,231,211,-0.05,1910,1910 - 1919,Nevada
133,183,245,0.14,1910,1910 - 1919,New Hampshire
134,365,516,0.17,1910,1910 - 1919,New Jersey
135,954,1017,0.03,1910,1910 - 1919,New Mexico
136,1049,1183,0.06,1910,1910 - 1919,New York
137,1081,949,-0.07,1910,1910 - 1919,North Carolina
138,1044,1032,-0.01,1910,1910 - 1919,North Dakota
139,2159,2812,0.13,1910,1910 - 1919,Ohio
140,4907,6158,0.11,1910,1910 - 1919,Oklahoma
141,1111,1576,0.17,1910,1910 - 1919,Oregon
142,1622,1390,-0.08,1910,1910 - 1919,Pennsylvania
143,8,9,0.06,1910,1910 - 1919,null
144,126,141,0.06,1910,1910 - 1919,Rhode Island
145,488,490,0.0,1910,1910 - 1919,South Carolina
146,1184,1119,-0.03,1910,1910 - 1919,South Dakota
147,1879,1444,-0.13,1910,1910 - 1919,Tennessee
148,4193,3835,-0.04,1910,1910 - 1919,Texas
150,1487,1450,-0.01,1910,1910 - 1919,Utah
151,169,227,0.15,1910,1910 - 1919,Vermont
152,1255,1121,-0.06,1910,1910 - 1919,Virginia
153,1392,1838,0.14,1910,1910 - 1919,Washington
154,1421,1267,-0.06,1910,1910 - 1919,West Virginia
155,1044,1113,0.03,1910,1910 - 1919,Wisconsin
156,503,734,0.19,1910,1910 - 1919,Wyoming
158,111,104,-0.03,1910,1910 - 1919,Dakota
101,2095,1601,-0.13,1880,1880 - 1889,Alabama
102,101,119,0.08,1880,1880 - 1889,null
104,456,874,0.31,1880,1880 - 1889,Arizona
105,3059,3795,0.11,1880,1880 - 1889,Arkansas
106,803,1717,0.36,1880,1880 - 1889,California
107,720,1772,0.42,1880,1880 - 1889,Colorado
109,301,399,0.14,1880,1880 - 1889,Connecticut
110,199,210,0.03,1880,1880 - 1889,Delaware
111,108,154,0.18,1880,1880 - 1889,District of Columbia
112,355,561,0.22,1880,1880 - 1889,Florida
113,1742,1058,-0.24,1880,1880 - 1889,Georgia
115,20,27,0.15,1880,1880 - 1889,null
116,766,1995,0.45,1880,1880 - 1889,Idaho
117,6654,4140,-0.23,1880,1880 - 1889,Illinois
118,4066,2749,-0.19,1880,1880 - 1889,Indiana
119,6075,4443,-0.16,1880,1880 - 1889,Iowa
120,5701,8177,0.18,1880,1880 - 1889,Kansas
121,2737,1710,-0.23,1880,1880 - 1889,Kentucky
122,616,727,0.08,1880,1880 - 1889,Louisiana
123,292,370,0.12,1880,1880 - 1889,Maine
124,461,406,-0.06,1880,1880 - 1889,Maryland
125,650,1106,0.26,1880,1880 - 1889,Massachusetts
126,1619,2524,0.22,1880,1880 - 1889,Michigan
127,1554,2076,0.14,1880,1880 - 1889,Minnesota
128,1476,785,-0.31,1880,1880 - 1889,Mississippi
129,6388,6223,-0.01,1880,1880 - 1889,Missouri
130,256,625,0.42,1880,1880 - 1889,Montana
131,2564,5392,0.36,1880,1880 - 1889,Nebraska
132,182,132,-0.16,1880,1880 - 1889,Nevada
133,224,295,0.14,1880,1880 - 1889,New Hampshire
134,413,606,0.19,1880,1880 - 1889,New Jersey
135,251,509,0.34,1880,1880 - 1889,New Mexico
136,1817,1639,-0.05,1880,1880 - 1889,New York
137,1107,849,-0.13,1880,1880 - 1889,North Carolina
138,272,996,0.57,1880,1880 - 1889,North Dakota
139,3844,2660,-0.18,1880,1880 - 1889,Ohio
140,867,3053,0.56,1880,1880 - 1889,Oklahoma
141,844,1519,0.29,1880,1880 - 1889,Oregon
142,2191,1932,-0.06,1880,1880 - 1889,Pennsylvania
143,3,2,-0.2,1880,1880 - 1889,null
144,192,254,0.14,1880,1880 - 1889,Rhode Island
145,600,404,-0.2,1880,1880 - 1889,South Carolina
146,774,2155,0.47,1880,1880 - 1889,South Dakota
147,2821,1824,-0.21,1880,1880 - 1889,Tennessee
148,3463,5774,0.25,1880,1880 - 1889,Texas
150,2561,1540,-0.25,1880,1880 - 1889,Utah
151,318,290,-0.05,1880,1880 - 1889,Vermont
152,1635,1288,-0.12,1880,1880 - 1889,Virginia
153,552,1904,0.55,1880,1880 - 1889,Washington
154,1519,1513,0.0,1880,1880 - 1889,West Virginia
155,1888,1685,-0.06,1880,1880 - 1889,Wisconsin
156,246,560,0.39,1880,1880 - 1889,Wyoming
157,0,1,1.0,1880,1880 - 1889,Carolina
158,327,307,-0.03,1880,1880 - 1889,Dakota
